run_id,condition_1,condition_2,condition_3,condition_4,condition_5
1,"(500.0, 0.5, 1e-05, 15, 500.0)","(600.0, 5.0, 0.0001, 1, 450.0)","(800.0, 4.5, 0.001, 7, 400.0)","(750.0, 4.0, 0.01, 12, 350.0)","(700.0, 3.5, 0.1, 5, 300.0)"
2,"(899.9, 0.5, 1e-05, 15, 0.5)","(850.0, 3.0, 0.001, 10, 5.0)","(750.0, 2.5, 0.01, 7, 50.0)","(700.0, 4.0, 0.1, 5, 200.0)","(600.0, 5.0, 1.0, 1, 500.0)"
4,"(500.0, 0.5, 1.0, 15, 500.0)","(550.0, 1.0, 1e-05, 15, 450.0)","(600.0, 2.0, 0.0001, 10, 300.0)","(700.0, 3.0, 0.001, 7, 100.0)","(750.0, 4.0, 0.01, 5, 50.0)"
6,"(500.0, 0.5, 1e-05, 15, 450.0)","(600.0, 1.2, 0.0001, 12, 200.0)","(700.0, 3.5, 0.1, 7, 50.0)","(850.0, 4.5, 0.01, 5, 15.0)","(900.0, 4.0, 1.0, 1, 5.0)"
7,"(500.0, 5.0, 1.0, 1, 500.0)","(750.0, 4.5, 9.99e-05, 15, 450.0)","(700.0, 4.0, 0.1, 14, 400.0)","(650.0, 3.5, 0.002, 13, 350.0)","(600.0, 3.0, 0.0003, 12, 300.0)"
8,"(500.0, 0.5, 1e-05, 1, 5.0)","(600.0, 1.0, 0.0001, 3, 20.0)","(700.0, 2.0, 0.001, 5, 100.0)","(750.0, 3.0, 0.01, 10, 250.0)","(800.0, 4.0, 0.1, 15, 400.0)"
10,"(500.0, 0.5, 1e-05, 15, 0.5)","(500.0, 1.0, 1e-05, 14, 10.0)","(600.0, 2.0, 0.0001, 13, 20.0)","(700.0, 3.0, 0.001, 12, 30.0)","(800.0, 4.0, 0.01, 11, 40.0)"
11,"(500.0, 4.5, 1e-05, 15, 0.5)","(500.0, 4.5, 1e-05, 15, 5.0)","(500.0, 4.5, 1e-05, 15, 50.0)","(500.0, 4.5, 1e-05, 15, 100.0)","(500.0, 4.5, 1e-05, 15, 500.0)"
12,"(900.0, 0.5, 1.0, 15, 0.5)","(850.0, 0.6, 0.1, 14, 1.0)","(800.0, 1.0, 0.01, 13, 2.0)","(750.0, 1.5, 0.001, 12, 3.0)","(700.0, 2.0, 0.0001, 11, 4.0)"
13,"(500.0, 5.0, 1e-05, 1, 5.0)","(600.0, 1.0, 0.0001, 3, 20.0)","(700.0, 1.5, 0.001, 7, 50.0)","(750.0, 2.0, 0.01, 10, 100.0)","(800.0, 2.5, 0.01, 15, 200.0)"
14,"(500.0, 0.5, 1e-05, 1, 0.5)","(600.0, 1.0, 0.0001, 3, 10.0)","(700.0, 2.0, 0.001, 5, 50.0)","(800.0, 3.0, 0.01, 10, 200.0)","(750.0, 4.0, 0.1, 15, 300.0)"
15,"(500.0, 0.5, 1e-05, 1, 0.5)","(550.0, 1.0, 0.0001, 2, 1.0)","(600.0, 2.0, 0.001, 3, 10.0)","(650.0, 3.0, 0.01, 4, 20.0)","(700.0, 4.0, 0.1, 5, 30.0)"
16,"(500.0, 0.5, 1e-05, 1, 0.5)","(600.0, 1.0, 0.0001, 2, 50.0)","(700.0, 2.0, 0.001, 5, 100.0)","(800.0, 3.0, 0.01, 10, 200.0)","(850.0, 4.0, 0.1, 15, 500.0)"
17,"(500.0, 5.0, 1e-05, 15, 0.5)","(600.0, 0.5, 0.0001, 1, 50.0)","(800.0, 4.0, 0.001, 10, 100.0)","(850.0, 2.5, 0.01, 5, 150.0)","(700.0, 1.5, 0.01, 7, 200.0)"
18,"(500.0, 5.0, 1e-05, 15, 500.0)","(550.0, 4.5, 0.0001, 15, 450.0)","(600.0, 4.0, 0.001, 10, 400.0)","(650.0, 3.5, 0.01, 8, 350.0)","(700.0, 3.0, 0.1, 5, 300.0)"
21,"(900.0, 0.5, 1e-05, 1, 0.5)","(850.0, 1.0, 0.0001, 3, 50.0)","(800.0, 2.0, 0.001, 5, 200.0)","(750.0, 3.0, 0.01, 10, 400.0)","(700.0, 4.0, 0.1, 15, 500.0)"
22,"(500.0, 0.5, 1e-05, 15, 0.5)","(550.0, 1.0, 0.0001, 14, 1.0)","(600.0, 2.0, 0.001, 13, 2.0)","(650.0, 3.0, 0.01, 12, 3.0)","(700.0, 4.0, 0.1, 11, 4.0)"
24,"(500.0, 0.5, 1e-05, 15, 500.0)","(500.0, 1.0, 0.0001, 14, 450.0)","(600.0, 3.0, 0.1, 12, 200.0)","(700.0, 2.5, 0.01, 10, 100.0)","(800.0, 4.0, 0.001, 8, 50.0)"
25,"(500.0, 0.5, 1.0, 15, 500.0)","(600.0, 1.0, 1e-05, 1, 0.5)","(700.0, 5.0, 0.0001, 1, 10.0)","(800.0, 4.5, 0.001, 15, 200.0)","(750.0, 3.0, 0.01, 10, 300.0)"
26,"(850.0, 0.5, 1e-05, 1, 0.5)","(800.0, 0.6, 0.0001, 3, 10.0)","(750.0, 1.0, 0.001, 5, 50.0)","(700.0, 2.0, 0.01, 10, 100.0)","(650.0, 3.5, 0.1, 15, 200.0)"
29,"(500.0, 4.5, 0.1, 15, 5.0)","(600.0, 0.5, 1.0, 1, 200.0)","(700.0, 1.2, 1e-05, 12, 30.0)","(750.0, 3.5, 0.0001, 5, 15.0)","(850.0, 4.0, 0.01, 7, 450.0)"
30,"(500.0, 0.5, 1.0, 15, 0.5)","(500.0, 0.5, 1.0, 15, 50.0)","(500.0, 0.5, 1.0, 15, 200.0)","(500.0, 0.5, 1.0, 15, 450.0)","(500.0, 0.5, 1.0, 15, 500.0)"
31,"(500.0, 0.5, 1e-05, 1, 0.5)","(600.0, 1.0, 0.0001, 2, 50.0)","(700.0, 2.0, 0.001, 3, 100.0)","(800.0, 3.0, 0.01, 4, 200.0)","(900.0, 4.5, 0.1, 5, 450.0)"
32,"(500.0, 0.5, 1e-05, 1, 0.5)","(550.0, 1.0, 0.0001, 2, 20.0)","(600.0, 2.0, 0.001, 5, 100.0)","(700.0, 3.0, 0.01, 10, 250.0)","(800.0, 4.5, 0.1, 15, 500.0)"
34,"(900.0, 5.0, 1.0, 15, 500.0)","(850.0, 4.5, 0.1, 14, 450.0)","(800.0, 4.0, 0.01, 12, 400.0)","(750.0, 3.5, 0.001, 10, 350.0)","(700.0, 3.0, 0.0001, 8, 300.0)"
36,"(900.0, 0.5, 1e-05, 1, 500.0)","(850.0, 1.0, 0.0001, 5, 200.0)","(800.0, 1.5, 0.001, 10, 100.0)","(750.0, 2.0, 0.01, 12, 50.0)","(700.0, 2.5, 0.1, 15, 5.0)"
37,"(500.0, 5.0, 1e-05, 15, 0.5)","(600.0, 0.5, 1.0, 1, 500.0)","(700.0, 3.0, 0.0001, 8, 50.0)","(800.0, 4.5, 0.01, 12, 250.0)","(850.0, 2.0, 0.001, 10, 100.0)"
42,"(500.0, 0.5, 1e-05, 15, 450.0)","(600.0, 1.0, 0.0001, 14, 400.0)","(700.0, 2.0, 0.001, 13, 350.0)","(800.0, 3.0, 0.01, 12, 300.0)","(850.0, 4.0, 0.1, 11, 250.0)"
43,"(900.0, 0.5, 1e-05, 15, 0.5)","(800.0, 1.0, 0.0001, 10, 20.0)","(750.0, 2.0, 0.001, 7, 50.0)","(700.0, 3.0, 0.01, 5, 100.0)","(650.0, 4.0, 0.1, 3, 200.0)"
44,"(500.0, 0.5, 1e-05, 1, 0.5)","(900.0, 5.0, 0.0001, 15, 500.0)","(600.0, 1.0, 0.001, 12, 5.0)","(700.0, 4.5, 0.01, 7, 200.0)","(850.0, 3.5, 0.1, 5, 15.0)"
45,"(500.0, 5.0, 1.0, 1, 500.0)","(500.0, 4.5, 1e-05, 15, 450.0)","(500.0, 0.5, 0.0001, 1, 200.0)","(500.0, 4.0, 0.1, 7, 5.0)","(500.0, 1.2, 0.01, 12, 30.0)"
47,"(500.0, 0.5, 1e-05, 15, 0.5)","(900.0, 1.0, 1.0, 1, 500.0)","(600.0, 2.5, 0.0001, 5, 50.0)","(700.0, 3.5, 0.001, 10, 200.0)","(750.0, 4.0, 0.01, 12, 400.0)"
48,"(900.0, 5.0, 1e-05, 15, 450.0)","(800.0, 4.5, 0.0001, 15, 400.0)","(750.0, 4.0, 0.001, 10, 300.0)","(700.0, 3.5, 0.01, 7, 200.0)","(650.0, 3.0, 0.1, 5, 100.0)"
49,"(500.0, 0.5, 0.0001, 1, 5.0)","(600.0, 1.0, 0.001, 3, 100.0)","(700.0, 2.0, 0.01, 7, 200.0)","(750.0, 3.0, 0.001, 10, 250.0)","(800.0, 4.0, 0.1, 15, 300.0)"
50,"(500.0, 0.5, 1e-05, 1, 0.5)","(500.0, 5.0, 1.0, 15, 500.0)","(900.0, 0.5, 1e-05, 1, 500.0)","(900.0, 5.0, 1.0, 15, 0.5)","(700.0, 2.5, 0.05, 8, 250.0)"
53,"(500.0, 0.5, 1e-05, 1, 500.0)","(600.0, 1.0, 0.0001, 3, 200.0)","(750.0, 3.5, 0.01, 5, 15.0)","(800.0, 4.5, 0.1, 7, 10.0)","(700.0, 1.2, 0.001, 12, 30.0)"
54,"(500.0, 0.5, 1.0, 1, 0.5)","(700.0, 4.5, 1e-05, 15, 500.0)","(800.0, 5.0, 0.1, 1, 200.0)","(850.0, 3.5, 0.0001, 12, 450.0)","(900.0, 1.2, 0.01, 5, 30.0)"
55,"(500.0, 0.5, 1e-05, 1, 0.5)","(600.0, 2.0, 0.0001, 5, 50.0)","(700.0, 3.0, 0.001, 10, 200.0)","(800.0, 4.0, 0.0005, 15, 400.0)","(850.0, 5.0, 0.01, 12, 500.0)"
56,"(500.0, 0.5, 1e-05, 15, 0.5)","(600.0, 1.2, 0.0001, 5, 10.0)","(700.0, 2.0, 0.01, 7, 50.0)","(750.0, 3.5, 0.005, 10, 100.0)","(850.0, 4.0, 0.1, 15, 500.0)"
59,"(500.0, 0.5, 1e-05, 1, 5.0)","(600.0, 1.5, 0.001, 5, 30.0)","(700.0, 3.0, 0.01, 10, 100.0)","(750.0, 2.5, 0.1, 12, 200.0)","(800.0, 4.0, 0.0001, 15, 450.0)"
60,"(500.0, 5.0, 1e-05, 15, 0.5)","(550.0, 4.5, 0.0001, 14, 2.0)","(600.0, 4.0, 0.001, 13, 10.0)","(650.0, 3.5, 0.01, 12, 20.0)","(700.0, 3.0, 0.1, 11, 50.0)"
61,"(500.0, 0.5, 1e-05, 1, 500.0)","(550.0, 4.5, 1.0, 1, 0.5)","(600.0, 0.6, 0.0001, 15, 500.0)","(650.0, 4.0, 0.1, 14, 300.0)","(700.0, 1.2, 0.01, 12, 200.0)"
62,"(500.0, 0.5, 1e-05, 15, 0.5)","(550.0, 1.0, 0.0001, 14, 10.0)","(600.0, 2.0, 0.001, 13, 20.0)","(700.0, 3.0, 0.01, 12, 30.0)","(750.0, 4.0, 0.1, 11, 40.0)"
63,"(500.0, 0.5, 1.0, 1, 0.5)","(600.0, 1.0, 1e-05, 15, 500.0)","(700.0, 2.0, 0.0001, 10, 400.0)","(800.0, 3.0, 0.001, 5, 200.0)","(900.0, 4.0, 0.01, 3, 100.0)"
64,"(850.0, 4.0, 0.1, 12, 500.0)","(800.0, 3.0, 0.01, 8, 300.0)","(750.0, 2.0, 0.001, 6, 200.0)","(700.0, 1.5, 0.001, 10, 100.0)","(650.0, 1.0, 0.0001, 15, 50.0)"
65,"(500.0, 0.5, 1e-05, 1, 0.5)","(600.0, 0.5, 0.0001, 5, 100.0)","(700.0, 2.0, 0.001, 10, 200.0)","(750.0, 2.5, 0.01, 12, 300.0)","(800.0, 3.0, 0.1, 15, 400.0)"
67,"(500.0, 0.5, 1e-05, 1, 0.5)","(550.0, 1.0, 0.0001, 2, 10.0)","(600.0, 2.0, 0.001, 3, 20.0)","(700.0, 3.0, 0.01, 4, 50.0)","(750.0, 4.0, 0.1, 5, 100.0)"
68,"(500.0, 0.5, 1e-05, 1, 0.5)","(900.0, 0.5, 1e-05, 1, 500.0)","(700.0, 1.0, 0.0001, 2, 50.0)","(600.0, 2.0, 0.001, 5, 200.0)","(800.0, 4.0, 0.1, 10, 300.0)"
69,"(500.0, 0.5, 1e-05, 1, 0.5)","(600.0, 1.0, 0.0001, 2, 20.0)","(700.0, 1.5, 0.001, 3, 50.0)","(800.0, 2.0, 0.01, 4, 100.0)","(900.0, 2.5, 0.1, 5, 200.0)"
70,"(500.0, 5.0, 1e-05, 15, 0.5)","(550.0, 4.0, 0.0001, 14, 25.0)","(600.0, 3.0, 0.001, 12, 100.0)","(700.0, 2.5, 0.01, 10, 200.0)","(750.0, 1.5, 0.1, 8, 350.0)"
72,"(890.0, 0.5, 1e-05, 1, 5.0)","(850.0, 4.5, 0.001, 2, 450.0)","(750.0, 2.0, 0.1, 5, 100.0)","(700.0, 3.5, 0.01, 12, 200.0)","(600.0, 4.0, 0.0001, 15, 400.0)"
74,"(500.0, 0.5, 1e-05, 1, 500.0)","(700.0, 1.0, 0.0001, 2, 400.0)","(750.0, 2.0, 0.001, 3, 300.0)","(800.0, 3.0, 0.01, 4, 200.0)","(850.0, 4.0, 0.1, 5, 100.0)"
75,"(500.0, 0.5, 1e-05, 15, 0.5)","(600.0, 1.0, 0.0001, 14, 5.0)","(700.0, 2.0, 0.001, 13, 10.0)","(800.0, 3.0, 0.01, 12, 50.0)","(900.0, 4.0, 0.1, 11, 100.0)"
76,"(900.0, 0.5, 0.1, 1, 450.0)","(500.0, 5.0, 1e-05, 15, 5.0)","(850.0, 1.0, 1.0, 1, 200.0)","(700.0, 4.5, 0.0001, 12, 30.0)","(750.0, 3.5, 0.01, 5, 15.0)"
80,"(500.0, 0.5, 1e-05, 15, 0.5)","(900.0, 5.0, 1.0, 1, 450.0)","(600.0, 0.5, 0.0001, 1, 200.0)","(850.0, 4.0, 0.1, 7, 5.0)","(750.0, 3.5, 0.0001, 5, 15.0)"
81,"(500.0, 0.5, 1e-05, 1, 500.0)","(550.0, 1.0, 0.0001, 2, 400.0)","(600.0, 2.0, 0.001, 3, 300.0)","(650.0, 3.0, 0.01, 4, 200.0)","(700.0, 4.0, 0.1, 5, 100.0)"
84,"(850.0, 0.5, 1e-05, 15, 500.0)","(800.0, 1.0, 1e-05, 14, 450.0)","(750.0, 2.0, 0.0001, 13, 400.0)","(700.0, 3.0, 0.001, 12, 350.0)","(650.0, 4.0, 0.01, 11, 300.0)"
85,"(500.0, 5.0, 1.0, 15, 500.0)","(550.0, 4.0, 0.1, 12, 300.0)","(650.0, 2.5, 0.001, 10, 200.0)","(700.0, 1.5, 0.01, 7, 100.0)","(750.0, 0.5, 1e-05, 1, 50.0)"
86,"(500.0, 5.0, 1e-05, 15, 500.0)","(550.0, 0.5, 0.0001, 14, 450.0)","(600.0, 4.5, 0.001, 13, 400.0)","(650.0, 4.0, 0.01, 12, 350.0)","(700.0, 3.5, 0.1, 11, 300.0)"
87,"(500.0, 0.5, 1e-05, 15, 0.5)","(550.0, 1.0, 0.0001, 10, 50.0)","(650.0, 2.0, 0.001, 7, 100.0)","(700.0, 3.0, 0.01, 5, 200.0)","(850.0, 4.5, 0.1, 3, 500.0)"
88,"(900.0, 0.5, 0.1, 1, 0.5)","(850.0, 0.6, 1.0, 2, 1.0)","(700.0, 1.5, 0.01, 3, 5.0)","(750.0, 2.5, 0.001, 4, 10.0)","(800.0, 3.0, 0.0001, 5, 20.0)"
89,"(500.0, 0.5, 1e-05, 1, 500.0)","(600.0, 1.5, 0.0001, 3, 400.0)","(700.0, 2.5, 0.001, 5, 300.0)","(800.0, 3.5, 0.01, 7, 200.0)","(900.0, 4.5, 0.1, 9, 100.0)"
90,"(500.0, 5.0, 1e-05, 15, 5.0)","(600.0, 0.5, 0.0001, 1, 20.0)","(700.0, 1.2, 0.01, 12, 30.0)","(750.0, 3.5, 0.0001, 5, 150.0)","(850.0, 4.5, 0.1, 15, 450.0)"
91,"(500.0, 0.5, 1e-05, 1, 500.0)","(550.0, 1.0, 5e-05, 3, 400.0)","(600.0, 2.0, 0.0001, 5, 300.0)","(650.0, 3.0, 0.0005, 7, 200.0)","(700.0, 4.0, 0.001, 9, 100.0)"
92,"(500.0, 0.5, 1e-05, 15, 0.5)","(500.0, 4.5, 1e-05, 15, 5.0)","(600.0, 1.0, 0.0001, 10, 50.0)","(700.0, 2.0, 0.001, 7, 100.0)","(750.0, 3.0, 0.01, 5, 200.0)"
95,"(900.0, 5.0, 1.0, 15, 0.5)","(750.0, 1.0, 1e-05, 1, 100.0)","(700.0, 2.5, 0.01, 10, 50.0)","(600.0, 3.5, 0.1, 7, 100.0)","(800.0, 4.0, 0.001, 5, 200.0)"
97,"(500.0, 5.0, 1.0, 15, 0.5)","(600.0, 0.5, 1e-05, 1, 500.0)","(700.0, 3.0, 0.1, 12, 450.0)","(750.0, 2.5, 0.001, 7, 200.0)","(800.0, 1.5, 0.01, 5, 30.0)"
98,"(500.0, 0.5, 1e-05, 1, 0.5)","(550.0, 0.6, 0.0001, 2, 10.0)","(600.0, 1.0, 0.001, 5, 20.0)","(700.0, 2.0, 0.01, 10, 50.0)","(800.0, 3.0, 0.1, 15, 100.0)"
99,"(500.0, 5.0, 1.0, 15, 500.0)","(600.0, 0.5, 1e-05, 1, 0.5)","(700.0, 2.0, 0.001, 8, 200.0)","(800.0, 3.0, 0.0001, 10, 100.0)","(850.0, 1.0, 0.1, 12, 50.0)"
100,"(500.0, 0.5, 1e-05, 15, 5.0)","(600.0, 5.0, 0.0001, 1, 450.0)","(700.0, 2.5, 0.001, 7, 5.0)","(850.0, 3.0, 0.01, 12, 30.0)","(900.0, 4.0, 0.0001, 5, 15.0)"
103,"(500.0, 0.5, 1e-05, 15, 500.0)","(550.0, 4.5, 1.0, 1, 0.5)","(600.0, 1.0, 0.0001, 15, 450.0)","(650.0, 3.5, 0.01, 10, 200.0)","(700.0, 2.0, 0.001, 5, 300.0)"
104,"(850.0, 5.0, 1.0, 15, 450.0)","(500.0, 0.5, 0.0001, 1, 200.0)","(600.0, 1.2, 0.01, 12, 30.0)","(700.0, 3.5, 0.0001, 5, 15.0)","(750.0, 4.0, 0.1, 7, 5.0)"
105,"(500.0, 0.5, 1e-05, 15, 500.0)","(500.0, 1.0, 0.0001, 15, 450.0)","(550.0, 2.0, 0.001, 12, 400.0)","(600.0, 3.0, 0.01, 9, 350.0)","(650.0, 4.0, 0.1, 6, 300.0)"
106,"(900.0, 5.0, 1e-05, 15, 500.0)","(850.0, 4.0, 0.001, 10, 300.0)","(750.0, 2.5, 0.01, 5, 150.0)","(700.0, 1.5, 0.1, 7, 50.0)","(650.0, 1.0, 1.0, 3, 20.0)"
108,"(500.0, 0.5, 1e-05, 1, 0.5)","(600.0, 5.0, 1.0, 15, 500.0)","(700.0, 4.5, 0.0001, 14, 490.0)","(800.0, 2.0, 0.001, 10, 300.0)","(900.0, 3.5, 0.1, 5, 100.0)"
109,"(850.0, 4.0, 1e-05, 15, 5.0)","(750.0, 0.5, 0.0001, 1, 15.0)","(600.0, 1.2, 0.01, 12, 30.0)","(700.0, 3.5, 0.0001, 5, 200.0)","(500.0, 4.5, 1e-05, 15, 450.0)"
110,"(900.0, 0.5, 1.0, 1, 500.0)","(850.0, 0.6, 0.1, 2, 400.0)","(800.0, 1.0, 0.001, 3, 300.0)","(750.0, 1.5, 0.0001, 4, 200.0)","(700.0, 2.0, 1e-05, 5, 100.0)"
112,"(500.0, 5.0, 1e-05, 1, 500.0)","(500.0, 4.5, 1e-05, 15, 450.0)","(800.0, 3.0, 0.0001, 10, 300.0)","(850.0, 2.5, 0.001, 12, 150.0)","(750.0, 2.0, 0.01, 8, 50.0)"
113,"(500.0, 0.5, 1.0, 1, 0.5)","(550.0, 1.0, 1e-05, 2, 500.0)","(600.0, 5.0, 0.1, 3, 100.0)","(700.0, 3.0, 0.001, 10, 200.0)","(800.0, 4.0, 0.0001, 15, 300.0)"
115,"(500.0, 0.5, 1.0, 1, 5.0)","(550.0, 0.6, 1e-05, 2, 6.0)","(600.0, 2.0, 0.0001, 3, 7.0)","(650.0, 3.0, 0.001, 4, 8.0)","(700.0, 4.0, 0.01, 5, 9.0)"
117,"(850.0, 0.5, 1e-05, 1, 500.0)","(900.0, 4.5, 1.0, 15, 0.5)","(700.0, 1.0, 0.001, 5, 500.0)","(750.0, 3.5, 0.0001, 12, 30.0)","(800.0, 2.0, 0.01, 7, 15.0)"
118,"(800.0, 0.5, 1.0, 15, 0.5)","(750.0, 1.0, 1e-05, 10, 5.0)","(700.0, 2.0, 0.0001, 7, 10.0)","(650.0, 3.0, 0.001, 5, 50.0)","(600.0, 4.0, 0.01, 1, 100.0)"
120,"(500.0, 0.5, 1e-05, 15, 0.5)","(500.0, 4.5, 1.0, 1, 50.0)","(600.0, 0.5, 0.0001, 15, 200.0)","(650.0, 4.5, 0.001, 10, 300.0)","(700.0, 4.5, 0.01, 15, 450.0)"
122,"(500.0, 0.5, 1e-05, 1, 0.5)","(900.0, 0.6, 0.1, 2, 50.0)","(700.0, 1.0, 1.0, 3, 200.0)","(750.0, 3.0, 0.05, 5, 100.0)","(800.0, 4.0, 0.01, 10, 300.0)"
123,"(500.0, 0.5, 1e-05, 1, 0.5)","(500.0, 0.5, 1e-05, 1, 500.0)","(600.0, 5.0, 1.0, 15, 450.0)","(850.0, 4.5, 0.1, 15, 500.0)","(800.0, 4.5, 0.0001, 15, 500.0)"
124,"(500.0, 0.5, 1e-05, 15, 500.0)","(550.0, 1.0, 0.0001, 10, 400.0)","(600.0, 2.0, 0.001, 8, 300.0)","(650.0, 3.0, 0.01, 6, 200.0)","(700.0, 4.0, 0.1, 4, 100.0)"
126,"(500.0, 0.5, 1e-05, 15, 5.0)","(550.0, 0.6, 0.0001, 10, 10.0)","(600.0, 1.0, 0.001, 5, 20.0)","(650.0, 1.5, 0.01, 8, 30.0)","(700.0, 2.0, 0.1, 12, 50.0)"
128,"(500.0, 0.5, 1e-05, 15, 500.0)","(600.0, 4.5, 0.0001, 1, 250.0)","(700.0, 3.5, 0.001, 5, 100.0)","(800.0, 2.5, 0.01, 10, 50.0)","(850.0, 4.0, 0.1, 7, 5.0)"
131,"(500.0, 0.5, 1e-05, 15, 0.5)","(600.0, 0.6, 0.0001, 14, 50.0)","(700.0, 1.0, 0.001, 13, 100.0)","(800.0, 2.0, 0.01, 12, 200.0)","(900.0, 4.0, 0.1, 11, 450.0)"
132,"(890.0, 5.0, 1.0, 15, 500.0)","(750.0, 4.0, 0.01, 10, 50.0)","(600.0, 3.5, 0.0001, 7, 200.0)","(550.0, 2.0, 1e-05, 3, 5.0)","(700.0, 2.5, 0.001, 7, 30.0)"
133,"(500.0, 0.5, 1e-05, 1, 500.0)","(550.0, 1.0, 0.0001, 2, 300.0)","(600.0, 2.0, 0.001, 3, 200.0)","(650.0, 3.0, 0.01, 4, 100.0)","(700.0, 4.0, 0.1, 5, 50.0)"
137,"(500.0, 5.0, 1.0, 15, 500.0)","(600.0, 0.5, 1e-05, 1, 0.5)","(700.0, 4.5, 0.0001, 15, 100.0)","(800.0, 1.0, 0.01, 5, 300.0)","(900.0, 2.0, 0.1, 10, 450.0)"
138,"(500.0, 5.0, 1e-05, 15, 0.5)","(550.0, 4.5, 0.0001, 14, 20.0)","(600.0, 4.0, 0.001, 13, 50.0)","(700.0, 2.0, 0.01, 10, 150.0)","(750.0, 1.5, 0.1, 8, 400.0)"
139,"(500.0, 0.5, 1e-05, 1, 0.5)","(550.0, 1.0, 0.0001, 2, 10.0)","(600.0, 2.0, 0.001, 3, 50.0)","(650.0, 3.0, 0.01, 4, 250.0)","(700.0, 4.0, 0.1, 5, 450.0)"
140,"(900.0, 5.0, 0.1, 15, 5.0)","(500.0, 0.5, 1e-05, 1, 500.0)","(850.0, 4.0, 0.1, 12, 30.0)","(700.0, 1.2, 0.01, 7, 200.0)","(750.0, 3.5, 0.0001, 5, 450.0)"
141,"(500.0, 5.0, 1e-05, 15, 0.5)","(600.0, 4.5, 0.0001, 14, 10.0)","(700.0, 3.0, 0.01, 10, 100.0)","(800.0, 2.5, 0.1, 5, 200.0)","(750.0, 2.0, 0.001, 7, 50.0)"
142,"(500.0, 0.5, 1.0, 1, 500.0)","(550.0, 4.5, 1e-05, 15, 1.0)","(600.0, 1.0, 0.001, 10, 10.0)","(650.0, 2.0, 0.01, 5, 50.0)","(700.0, 3.0, 0.1, 7, 300.0)"
144,"(500.0, 0.5, 1e-05, 1, 500.0)","(550.0, 1.0, 0.0001, 2, 400.0)","(600.0, 1.5, 0.001, 3, 300.0)","(650.0, 2.0, 0.01, 4, 200.0)","(700.0, 3.0, 0.1, 5, 100.0)"
146,"(500.0, 0.5, 1e-05, 15, 500.0)","(550.0, 1.5, 0.0001, 14, 450.0)","(600.0, 2.5, 0.001, 13, 400.0)","(650.0, 3.5, 0.01, 12, 350.0)","(700.0, 4.5, 0.1, 11, 300.0)"
147,"(500.0, 0.5, 1e-05, 15, 500.0)","(600.0, 1.0, 0.0001, 12, 450.0)","(700.0, 2.0, 0.001, 7, 300.0)","(800.0, 3.0, 0.01, 5, 100.0)","(900.0, 4.0, 0.1, 3, 50.0)"
149,"(500.0, 0.5, 1e-05, 15, 450.0)","(550.0, 1.0, 0.0001, 14, 400.0)","(600.0, 2.0, 0.001, 13, 350.0)","(650.0, 3.0, 0.01, 12, 300.0)","(700.0, 4.0, 0.1, 11, 250.0)"
150,"(900.0, 5.0, 1e-05, 15, 500.0)","(850.0, 4.5, 0.0001, 15, 450.0)","(750.0, 3.5, 0.001, 12, 300.0)","(700.0, 2.5, 0.01, 10, 200.0)","(600.0, 1.5, 0.1, 5, 100.0)"
151,"(890.0, 5.0, 1e-05, 15, 0.5)","(880.0, 4.0, 0.0001, 7, 5.0)","(780.0, 1.0, 0.01, 12, 30.0)","(760.0, 3.0, 0.0001, 5, 15.0)","(750.0, 2.5, 0.005, 10, 200.0)"
152,"(900.0, 5.0, 1.0, 1, 500.0)","(800.0, 4.5, 0.1, 15, 450.0)","(750.0, 3.5, 0.01, 12, 30.0)","(700.0, 1.2, 0.001, 7, 5.0)","(600.0, 0.5, 0.0001, 1, 200.0)"
157,"(500.0, 0.5, 1.0, 15, 0.5)","(550.0, 1.0, 0.1, 12, 10.0)","(600.0, 2.5, 0.01, 7, 50.0)","(700.0, 3.0, 0.001, 5, 200.0)","(850.0, 5.0, 1e-05, 1, 500.0)"
160,"(900.0, 5.0, 1e-05, 15, 500.0)","(800.0, 3.5, 0.0001, 10, 400.0)","(750.0, 2.5, 0.001, 8, 300.0)","(700.0, 2.0, 0.01, 6, 200.0)","(650.0, 1.5, 0.1, 5, 100.0)"
162,"(500.0, 0.5, 1e-05, 1, 500.0)","(600.0, 1.5, 0.0001, 5, 400.0)","(700.0, 3.0, 0.001, 10, 200.0)","(800.0, 4.0, 0.01, 12, 100.0)","(750.0, 2.5, 0.1, 15, 50.0)"
164,"(500.0, 0.5, 1e-05, 1, 0.5)","(600.0, 5.0, 0.0001, 15, 100.0)","(700.0, 4.5, 0.001, 14, 200.0)","(800.0, 3.5, 0.01, 13, 300.0)","(900.0, 2.5, 0.1, 12, 400.0)"
166,"(500.0, 0.5, 1e-05, 1, 0.5)","(550.0, 1.0, 0.0001, 3, 50.0)","(600.0, 2.0, 0.001, 5, 100.0)","(650.0, 3.0, 0.01, 7, 200.0)","(700.0, 4.0, 0.1, 10, 300.0)"
169,"(500.0, 0.5, 1e-05, 1, 10.0)","(700.0, 2.5, 0.0001, 5, 50.0)","(750.0, 3.0, 0.001, 8, 100.0)","(800.0, 4.0, 0.01, 10, 250.0)","(850.0, 4.5, 0.1, 15, 450.0)"
170,"(500.0, 0.5, 1e-05, 1, 0.5)","(550.0, 1.0, 1e-05, 2, 1.0)","(600.0, 2.0, 0.0001, 3, 2.0)","(650.0, 3.0, 0.001, 4, 3.0)","(700.0, 4.0, 0.01, 5, 4.0)"
171,"(500.0, 0.5, 1e-05, 15, 450.0)","(600.0, 4.5, 1.0, 1, 200.0)","(700.0, 3.5, 0.01, 5, 15.0)","(750.0, 1.2, 0.0001, 12, 30.0)","(850.0, 4.0, 0.1, 7, 5.0)"
172,"(500.0, 0.5, 1e-05, 1, 0.5)","(550.0, 1.0, 1e-05, 15, 100.0)","(600.0, 4.0, 0.1, 7, 200.0)","(700.0, 3.5, 0.01, 12, 300.0)","(750.0, 5.0, 1.0, 5, 400.0)"
173,"(900.0, 0.5, 1e-05, 15, 0.5)","(850.0, 0.5, 0.0001, 10, 10.0)","(750.0, 1.5, 0.01, 7, 50.0)","(700.0, 2.0, 0.1, 5, 100.0)","(600.0, 3.0, 0.001, 10, 200.0)"
174,"(500.0, 0.5, 1e-05, 15, 0.5)","(550.0, 0.6, 0.0001, 14, 50.0)","(600.0, 1.0, 0.001, 13, 100.0)","(650.0, 2.0, 0.01, 12, 200.0)","(700.0, 3.0, 0.1, 11, 450.0)"
175,"(500.0, 0.5, 1e-05, 1, 0.5)","(600.0, 1.0, 0.0001, 3, 5.0)","(700.0, 2.0, 0.001, 5, 50.0)","(800.0, 4.0, 0.01, 10, 100.0)","(850.0, 4.5, 0.1, 15, 450.0)"
176,"(500.0, 0.5, 1e-05, 15, 500.0)","(550.0, 4.5, 0.0001, 1, 450.0)","(600.0, 2.0, 0.001, 7, 30.0)","(700.0, 3.5, 0.01, 12, 5.0)","(750.0, 1.2, 1.0, 5, 0.5)"
181,"(500.0, 0.5, 1.0, 1, 500.0)","(700.0, 1.5, 0.1, 15, 450.0)","(800.0, 3.0, 0.0001, 5, 200.0)","(750.0, 4.5, 1e-05, 12, 100.0)","(600.0, 5.0, 0.01, 7, 50.0)"
185,"(500.0, 5.0, 1.0, 15, 500.0)","(600.0, 4.5, 1e-05, 15, 200.0)","(700.0, 0.5, 0.0001, 1, 30.0)","(750.0, 1.2, 0.01, 12, 5.0)","(850.0, 3.5, 0.1, 7, 15.0)"
187,"(500.0, 5.0, 1e-05, 15, 0.5)","(900.0, 0.5, 0.0001, 1, 500.0)","(700.0, 1.0, 0.1, 7, 300.0)","(750.0, 3.0, 0.01, 12, 200.0)","(800.0, 4.0, 0.001, 5, 100.0)"
188,"(500.0, 5.0, 1.0, 15, 500.0)","(700.0, 0.5, 1e-05, 1, 0.5)","(600.0, 1.0, 0.0001, 5, 450.0)","(750.0, 4.0, 0.01, 12, 30.0)","(850.0, 3.5, 0.1, 7, 5.0)"
190,"(500.0, 0.5, 1e-05, 15, 500.0)","(600.0, 1.0, 0.0001, 14, 250.0)","(700.0, 1.5, 0.001, 10, 100.0)","(800.0, 2.5, 0.01, 7, 50.0)","(900.0, 4.0, 0.1, 5, 20.0)"
191,"(500.0, 0.5, 1e-05, 1, 0.5)","(500.0, 1.0, 0.0001, 2, 100.0)","(600.0, 2.0, 0.001, 3, 200.0)","(700.0, 3.0, 0.01, 5, 300.0)","(800.0, 4.0, 0.1, 10, 400.0)"
192,"(500.0, 0.5, 1.0, 15, 0.5)","(900.0, 5.0, 1e-05, 1, 500.0)","(600.0, 4.5, 0.0001, 15, 100.0)","(700.0, 1.0, 0.001, 12, 200.0)","(750.0, 2.0, 0.01, 7, 150.0)"
193,"(500.0, 5.0, 1e-05, 1, 500.0)","(500.0, 0.5, 1.0, 15, 0.5)","(900.0, 5.0, 0.0001, 1, 0.5)","(900.0, 0.5, 0.0001, 15, 500.0)","(850.0, 3.0, 0.01, 10, 250.0)"
194,"(500.0, 0.5, 1e-05, 15, 500.0)","(900.0, 5.0, 1e-05, 1, 450.0)","(600.0, 0.6, 0.0001, 15, 400.0)","(700.0, 1.0, 0.001, 14, 350.0)","(800.0, 3.0, 0.01, 13, 300.0)"
195,"(500.0, 0.5, 1e-05, 15, 0.5)","(550.0, 1.0, 0.0001, 14, 50.0)","(600.0, 2.0, 0.001, 13, 100.0)","(650.0, 3.0, 0.01, 12, 200.0)","(700.0, 4.0, 0.1, 11, 450.0)"
197,"(500.0, 0.5, 1.0, 15, 500.0)","(600.0, 1.0, 0.1, 14, 450.0)","(700.0, 1.5, 0.01, 13, 400.0)","(800.0, 2.0, 0.001, 12, 350.0)","(850.0, 2.5, 0.0001, 11, 300.0)"
198,"(500.0, 0.5, 1e-05, 15, 0.5)","(550.0, 4.0, 0.0001, 14, 50.0)","(600.0, 2.5, 0.001, 13, 100.0)","(650.0, 3.5, 0.01, 12, 200.0)","(700.0, 4.5, 0.1, 11, 300.0)"
200,"(500.0, 5.0, 1.0, 15, 0.5)","(550.0, 4.0, 0.1, 14, 50.0)","(600.0, 3.5, 0.01, 13, 100.0)","(700.0, 2.5, 0.001, 10, 200.0)","(800.0, 2.0, 0.0001, 5, 450.0)"
201,"(500.0, 0.5, 1e-05, 15, 0.5)","(600.0, 1.0, 0.0001, 12, 5.0)","(700.0, 2.0, 0.001, 7, 20.0)","(750.0, 3.0, 0.01, 5, 100.0)","(800.0, 4.5, 0.1, 10, 500.0)"
202,"(500.0, 0.5, 1e-05, 1, 5.0)","(600.0, 1.2, 0.0001, 5, 15.0)","(700.0, 3.5, 0.01, 12, 30.0)","(750.0, 4.0, 0.1, 7, 200.0)","(850.0, 4.5, 1.0, 15, 450.0)"
205,"(500.0, 4.5, 1e-05, 15, 500.0)","(550.0, 4.0, 0.0001, 14, 450.0)","(600.0, 3.5, 0.001, 13, 400.0)","(650.0, 3.0, 0.01, 12, 350.0)","(700.0, 2.5, 0.1, 11, 300.0)"
206,"(900.0, 0.5, 1e-05, 1, 500.0)","(850.0, 1.0, 0.0001, 5, 400.0)","(750.0, 2.0, 0.001, 10, 300.0)","(700.0, 3.0, 0.01, 12, 200.0)","(800.0, 4.0, 0.1, 15, 100.0)"
208,"(500.0, 0.5, 1e-05, 1, 500.0)","(550.0, 0.6, 0.0001, 2, 450.0)","(600.0, 1.0, 0.001, 3, 400.0)","(650.0, 1.5, 0.01, 4, 350.0)","(700.0, 2.0, 0.1, 5, 300.0)"
209,"(900.0, 5.0, 1e-05, 15, 0.5)","(800.0, 3.0, 0.0001, 10, 50.0)","(700.0, 2.5, 0.001, 7, 150.0)","(650.0, 2.0, 0.01, 5, 250.0)","(600.0, 1.5, 0.1, 3, 400.0)"
211,"(700.0, 0.5, 1e-05, 1, 450.0)","(800.0, 4.0, 0.001, 7, 30.0)","(750.0, 1.2, 0.0001, 12, 200.0)","(600.0, 3.5, 0.01, 5, 15.0)","(780.0, 2.5, 0.1, 10, 5.0)"
213,"(500.0, 5.0, 1.0, 1, 500.0)","(600.0, 4.5, 1e-05, 15, 0.5)","(800.0, 0.5, 0.0001, 1, 500.0)","(750.0, 1.2, 0.01, 12, 30.0)","(700.0, 3.5, 0.0001, 5, 15.0)"
216,"(500.0, 5.0, 1e-05, 15, 0.5)","(600.0, 0.5, 0.0001, 7, 5.0)","(700.0, 2.5, 0.01, 12, 50.0)","(800.0, 3.5, 0.1, 10, 150.0)","(750.0, 4.0, 0.001, 5, 300.0)"
217,"(500.0, 0.5, 1.0, 1, 0.5)","(850.0, 4.5, 1e-05, 15, 500.0)","(600.0, 0.6, 0.0001, 5, 100.0)","(750.0, 3.0, 0.01, 10, 200.0)","(700.0, 2.5, 0.001, 12, 150.0)"
219,"(500.0, 0.5, 1e-05, 1, 0.5)","(550.0, 1.0, 0.0001, 2, 10.0)","(600.0, 1.5, 0.001, 3, 20.0)","(650.0, 2.0, 0.01, 4, 30.0)","(700.0, 2.5, 0.1, 5, 40.0)"
220,"(500.0, 0.5, 1e-05, 15, 500.0)","(550.0, 1.0, 0.0001, 14, 450.0)","(600.0, 1.5, 0.001, 13, 400.0)","(650.0, 2.0, 0.01, 12, 350.0)","(700.0, 2.5, 0.1, 11, 300.0)"
221,"(900.0, 0.5, 1.0, 1, 0.5)","(850.0, 1.0, 0.1, 5, 10.0)","(800.0, 2.0, 0.01, 10, 50.0)","(750.0, 3.0, 0.001, 12, 100.0)","(700.0, 4.0, 0.0001, 15, 200.0)"
222,"(500.0, 5.0, 1.0, 15, 0.5)","(500.0, 4.5, 0.1, 12, 5.0)","(600.0, 3.0, 0.01, 7, 50.0)","(750.0, 1.5, 0.0001, 5, 150.0)","(850.0, 0.5, 1e-05, 1, 200.0)"
224,"(500.0, 5.0, 1e-05, 15, 5.0)","(900.0, 0.5, 1.0, 1, 500.0)","(600.0, 4.5, 0.0001, 12, 400.0)","(700.0, 1.5, 0.01, 7, 100.0)","(750.0, 3.0, 0.001, 10, 200.0)"
225,"(850.0, 4.0, 0.1, 7, 5.0)","(500.0, 0.5, 1e-05, 1, 5.0)","(600.0, 1.0, 0.0001, 3, 30.0)","(700.0, 2.0, 0.001, 5, 50.0)","(800.0, 3.0, 0.01, 7, 150.0)"
226,"(500.0, 5.0, 1e-05, 1, 500.0)","(550.0, 4.5, 0.0001, 2, 400.0)","(600.0, 4.0, 0.001, 3, 300.0)","(650.0, 3.5, 0.01, 4, 200.0)","(700.0, 3.0, 0.1, 5, 100.0)"
228,"(900.0, 0.5, 1e-05, 15, 0.5)","(500.0, 5.0, 1.0, 1, 500.0)","(800.0, 0.6, 0.0001, 14, 1.0)","(700.0, 1.0, 0.001, 13, 10.0)","(600.0, 4.9, 0.01, 12, 50.0)"
229,"(500.0, 0.5, 1.0, 1, 500.0)","(600.0, 1.5, 0.1, 5, 200.0)","(700.0, 3.0, 0.01, 10, 50.0)","(750.0, 4.0, 0.001, 12, 20.0)","(850.0, 5.0, 1e-05, 15, 5.0)"
231,"(500.0, 0.5, 1e-05, 15, 0.5)","(600.0, 1.0, 0.0001, 10, 50.0)","(700.0, 3.0, 0.01, 7, 200.0)","(800.0, 4.0, 0.1, 5, 300.0)","(850.0, 4.5, 1.0, 1, 450.0)"
232,"(500.0, 5.0, 1e-05, 15, 0.5)","(500.0, 5.0, 0.0001, 15, 50.0)","(600.0, 5.0, 0.001, 15, 100.0)","(700.0, 4.0, 0.01, 12, 200.0)","(750.0, 3.5, 0.1, 10, 450.0)"
233,"(500.0, 5.0, 1e-05, 15, 0.5)","(900.0, 0.5, 1.0, 1, 500.0)","(700.0, 1.5, 0.01, 10, 400.0)","(750.0, 3.0, 0.001, 7, 200.0)","(800.0, 2.5, 0.0001, 5, 100.0)"
235,"(500.0, 0.5, 1e-05, 15, 0.5)","(600.0, 0.6, 0.0001, 14, 1.0)","(700.0, 1.0, 0.001, 13, 2.0)","(800.0, 1.5, 0.01, 12, 3.0)","(850.0, 2.0, 0.1, 11, 4.0)"
236,"(500.0, 0.5, 1e-05, 1, 500.0)","(600.0, 5.0, 1.0, 15, 0.5)","(700.0, 4.5, 0.0001, 10, 15.0)","(750.0, 3.5, 0.001, 7, 100.0)","(800.0, 2.5, 0.01, 12, 250.0)"
237,"(500.0, 0.5, 1e-05, 15, 0.5)","(550.0, 1.0, 0.0001, 14, 10.0)","(600.0, 1.5, 0.001, 13, 50.0)","(650.0, 2.0, 0.01, 12, 250.0)","(700.0, 2.5, 0.1, 11, 400.0)"
238,"(500.0, 0.5, 1e-05, 1, 200.0)","(600.0, 1.5, 0.0001, 5, 50.0)","(700.0, 2.5, 0.001, 10, 100.0)","(750.0, 3.5, 0.01, 15, 300.0)","(850.0, 4.5, 0.1, 15, 450.0)"
239,"(500.0, 0.5, 1e-05, 1, 0.5)","(550.0, 1.0, 0.0001, 2, 100.0)","(600.0, 2.0, 0.001, 3, 200.0)","(650.0, 3.0, 0.01, 4, 300.0)","(700.0, 4.0, 0.1, 5, 400.0)"
240,"(500.0, 5.0, 1.0, 15, 450.0)","(850.0, 0.5, 1e-05, 7, 200.0)","(750.0, 1.2, 0.0001, 12, 30.0)","(700.0, 3.5, 0.1, 5, 15.0)","(600.0, 4.0, 0.01, 15, 5.0)"
242,"(500.0, 5.0, 1.0, 15, 450.0)","(550.0, 4.5, 0.1, 15, 300.0)","(600.0, 4.0, 0.01, 15, 150.0)","(650.0, 3.5, 0.001, 15, 75.0)","(700.0, 3.0, 0.0001, 15, 30.0)"
244,"(900.0, 0.5, 0.1, 15, 0.5)","(800.0, 1.0, 0.0001, 14, 50.0)","(750.0, 2.0, 0.001, 13, 100.0)","(700.0, 3.0, 0.01, 12, 200.0)","(650.0, 4.0, 1e-05, 11, 450.0)"
245,"(500.0, 4.5, 1e-05, 15, 500.0)","(600.0, 0.5, 0.0001, 1, 450.0)","(850.0, 4.0, 0.1, 7, 30.0)","(700.0, 1.2, 0.01, 12, 200.0)","(750.0, 3.5, 0.0001, 5, 15.0)"
246,"(850.0, 4.5, 0.1, 15, 500.0)","(800.0, 4.0, 0.05, 14, 400.0)","(750.0, 3.5, 0.01, 12, 300.0)","(700.0, 3.0, 0.001, 10, 200.0)","(650.0, 2.5, 0.0001, 8, 100.0)"
247,"(500.0, 5.0, 1e-05, 15, 500.0)","(550.0, 4.9, 0.0001, 14, 450.0)","(600.0, 4.8, 0.001, 13, 400.0)","(650.0, 4.7, 0.01, 12, 350.0)","(700.0, 4.6, 0.1, 11, 300.0)"
248,"(500.0, 5.0, 1.0, 15, 0.5)","(600.0, 4.5, 1e-05, 14, 5.0)","(700.0, 3.5, 0.0001, 10, 50.0)","(750.0, 2.5, 0.001, 8, 150.0)","(800.0, 1.5, 0.01, 6, 300.0)"
251,"(500.0, 5.0, 1e-05, 15, 500.0)","(550.0, 4.5, 0.0001, 14, 400.0)","(600.0, 4.0, 0.001, 13, 300.0)","(650.0, 3.5, 0.01, 12, 200.0)","(700.0, 3.0, 0.1, 11, 100.0)"
252,"(500.0, 0.5, 1e-05, 15, 0.5)","(550.0, 1.0, 0.0001, 12, 50.0)","(600.0, 2.0, 0.001, 10, 100.0)","(700.0, 3.0, 0.01, 7, 200.0)","(850.0, 5.0, 0.1, 1, 500.0)"
253,"(900.0, 0.5, 1.0, 1, 0.5)","(850.0, 1.0, 0.1, 3, 10.0)","(800.0, 2.0, 0.001, 5, 50.0)","(750.0, 3.0, 0.0001, 10, 200.0)","(700.0, 4.0, 0.01, 15, 450.0)"
255,"(900.0, 0.5, 1e-05, 15, 500.0)","(500.0, 4.5, 1e-05, 1, 450.0)","(500.0, 0.5, 0.0001, 15, 200.0)","(850.0, 1.0, 0.001, 7, 5.0)","(700.0, 3.0, 0.01, 12, 30.0)"
257,"(500.0, 0.5, 1e-05, 15, 0.5)","(600.0, 1.0, 0.0001, 12, 50.0)","(700.0, 2.0, 0.001, 7, 200.0)","(800.0, 4.0, 0.01, 5, 300.0)","(850.0, 5.0, 0.1, 3, 500.0)"
258,"(500.0, 0.5, 1e-05, 1, 0.5)","(550.0, 1.0, 0.0001, 3, 10.0)","(650.0, 2.0, 0.001, 5, 50.0)","(750.0, 3.5, 0.01, 10, 200.0)","(850.0, 4.0, 0.1, 15, 500.0)"
259,"(500.0, 0.5, 1e-05, 1, 5.0)","(550.0, 1.0, 0.0001, 3, 20.0)","(650.0, 2.5, 0.01, 5, 50.0)","(700.0, 3.0, 0.005, 10, 100.0)","(750.0, 4.0, 0.1, 15, 200.0)"
260,"(750.0, 0.5, 1.0, 1, 0.5)","(850.0, 0.5, 1.0, 1, 2.0)","(700.0, 1.2, 1e-05, 12, 20.0)","(600.0, 4.5, 0.0001, 15, 30.0)","(750.0, 3.5, 0.0001, 5, 500.0)"
261,"(500.0, 0.5, 1e-05, 1, 0.5)","(900.0, 5.0, 0.0001, 15, 500.0)","(700.0, 1.0, 0.01, 1, 20.0)","(600.0, 3.0, 0.001, 12, 200.0)","(750.0, 4.0, 0.1, 7, 50.0)"
262,"(500.0, 0.5, 1e-05, 1, 0.5)","(600.0, 1.0, 0.0001, 5, 10.0)","(700.0, 1.5, 0.001, 10, 50.0)","(850.0, 4.0, 0.1, 15, 100.0)","(750.0, 3.5, 0.0001, 7, 30.0)"
263,"(900.0, 0.5, 1.0, 1, 500.0)","(800.0, 1.5, 0.1, 3, 200.0)","(750.0, 2.5, 0.001, 5, 100.0)","(700.0, 3.5, 0.0001, 7, 50.0)","(650.0, 4.5, 1e-05, 9, 30.0)"
265,"(500.0, 0.5, 1e-05, 15, 0.5)","(600.0, 1.0, 0.0001, 10, 10.0)","(700.0, 2.0, 0.001, 7, 100.0)","(800.0, 3.0, 0.01, 5, 200.0)","(850.0, 4.5, 0.1, 1, 450.0)"
266,"(500.0, 0.5, 1e-05, 15, 450.0)","(600.0, 1.0, 0.0001, 10, 200.0)","(850.0, 3.0, 0.01, 7, 5.0)","(700.0, 1.2, 0.001, 12, 30.0)","(750.0, 3.5, 0.0001, 5, 15.0)"
268,"(500.0, 0.5, 1e-05, 15, 0.5)","(600.0, 5.0, 1.0, 1, 500.0)","(700.0, 0.5, 1e-05, 1, 500.0)","(800.0, 5.0, 1.0, 15, 0.5)","(850.0, 1.2, 0.01, 12, 30.0)"
270,"(500.0, 0.5, 1e-05, 1, 0.5)","(700.0, 1.0, 1.0, 15, 50.0)","(800.0, 4.0, 0.005, 10, 250.0)","(750.0, 3.0, 0.0005, 5, 100.0)","(650.0, 2.5, 0.001, 7, 200.0)"
271,"(700.0, 0.5, 1e-05, 1, 0.5)","(750.0, 1.0, 0.0001, 2, 20.0)","(800.0, 3.0, 0.001, 5, 50.0)","(850.0, 4.0, 0.01, 10, 100.0)","(880.0, 4.5, 0.1, 15, 200.0)"
272,"(500.0, 5.0, 1e-05, 15, 0.5)","(550.0, 0.5, 0.0001, 1, 200.0)","(700.0, 4.0, 0.1, 7, 5.0)","(750.0, 1.2, 0.01, 12, 30.0)","(800.0, 3.5, 0.0001, 5, 15.0)"
274,"(500.0, 0.5, 1e-05, 15, 0.5)","(550.0, 1.0, 0.0001, 14, 1.0)","(600.0, 1.5, 0.001, 13, 1.5)","(650.0, 2.0, 0.01, 12, 2.0)","(700.0, 2.5, 0.1, 11, 2.5)"
276,"(500.0, 5.0, 1.0, 1, 500.0)","(550.0, 4.0, 0.1, 2, 400.0)","(600.0, 3.0, 0.01, 3, 300.0)","(700.0, 2.0, 0.001, 4, 200.0)","(750.0, 1.0, 0.0001, 5, 100.0)"
277,"(500.0, 5.0, 1e-05, 15, 0.5)","(600.0, 4.5, 0.0001, 14, 10.0)","(700.0, 3.5, 0.001, 10, 100.0)","(800.0, 2.5, 0.01, 7, 200.0)","(850.0, 1.5, 0.1, 5, 450.0)"
278,"(500.0, 0.5, 1e-05, 1, 5.0)","(550.0, 0.6, 0.0001, 2, 10.0)","(600.0, 1.0, 0.001, 3, 20.0)","(650.0, 1.5, 0.01, 4, 30.0)","(700.0, 2.0, 0.1, 5, 40.0)"
279,"(500.0, 5.0, 1.0, 15, 0.5)","(550.0, 4.5, 0.5, 14, 10.0)","(650.0, 3.0, 0.03, 13, 100.0)","(720.0, 2.5, 0.007, 10, 200.0)","(800.0, 1.5, 0.0002, 5, 450.0)"
280,"(890.0, 4.9, 1e-05, 15, 500.0)","(800.0, 3.5, 0.0001, 12, 250.0)","(700.0, 2.0, 0.001, 8, 100.0)","(600.0, 1.5, 0.01, 5, 50.0)","(500.0, 0.5, 0.1, 1, 10.0)"
282,"(500.0, 0.5, 1.0, 15, 500.0)","(850.0, 5.0, 1e-05, 1, 0.5)","(700.0, 1.0, 0.0001, 15, 1.0)","(600.0, 2.0, 0.001, 1, 100.0)","(750.0, 4.0, 0.01, 7, 300.0)"
283,"(900.0, 0.5, 1e-05, 1, 500.0)","(800.0, 5.0, 0.0001, 15, 0.5)","(700.0, 0.6, 0.001, 14, 1.0)","(600.0, 2.0, 0.01, 13, 50.0)","(500.0, 3.0, 0.1, 12, 100.0)"
284,"(500.0, 0.5, 1e-05, 1, 0.5)","(600.0, 1.0, 0.0001, 3, 10.0)","(700.0, 2.0, 0.001, 6, 50.0)","(750.0, 3.0, 0.01, 9, 200.0)","(850.0, 4.0, 0.1, 15, 500.0)"
286,"(500.0, 0.5, 1.0, 15, 0.5)","(500.0, 1.0, 1e-05, 15, 1.0)","(600.0, 2.0, 0.0001, 14, 2.0)","(650.0, 3.0, 0.001, 13, 3.0)","(700.0, 4.0, 0.01, 12, 4.0)"
287,"(500.0, 5.0, 1e-05, 15, 500.0)","(550.0, 0.5, 1.0, 1, 450.0)","(850.0, 4.0, 0.1, 15, 5.0)","(700.0, 3.0, 0.01, 10, 100.0)","(750.0, 2.5, 0.001, 5, 200.0)"
289,"(900.0, 0.5, 1e-05, 1, 500.0)","(850.0, 1.0, 0.0001, 5, 300.0)","(800.0, 2.0, 0.001, 10, 150.0)","(750.0, 3.0, 0.01, 12, 75.0)","(700.0, 4.0, 0.1, 15, 5.0)"
290,"(900.0, 5.0, 1e-05, 15, 5.0)","(800.0, 4.5, 1.0, 12, 50.0)","(700.0, 2.0, 0.0001, 7, 200.0)","(600.0, 1.0, 0.001, 5, 100.0)","(500.0, 0.5, 0.01, 1, 450.0)"
291,"(500.0, 0.5, 1e-05, 1, 0.5)","(600.0, 1.0, 0.0001, 2, 50.0)","(700.0, 2.0, 0.001, 3, 100.0)","(800.0, 3.0, 0.01, 4, 200.0)","(850.0, 4.0, 0.1, 5, 300.0)"
292,"(500.0, 0.5, 1.0, 15, 500.0)","(550.0, 1.0, 1e-05, 14, 400.0)","(600.0, 2.0, 0.0001, 13, 300.0)","(650.0, 3.0, 0.001, 12, 200.0)","(700.0, 4.0, 0.01, 11, 100.0)"
294,"(500.0, 0.5, 1e-05, 15, 500.0)","(600.0, 5.0, 1.0, 1, 450.0)","(700.0, 4.5, 0.0001, 12, 200.0)","(800.0, 3.0, 0.01, 7, 15.0)","(850.0, 2.0, 0.1, 5, 5.0)"
296,"(500.0, 0.5, 1e-05, 1, 500.0)","(550.0, 0.8, 0.0001, 3, 400.0)","(600.0, 1.5, 0.001, 5, 300.0)","(700.0, 3.0, 0.01, 10, 100.0)","(800.0, 4.5, 0.1, 15, 50.0)"
297,"(500.0, 0.5, 1e-05, 1, 500.0)","(600.0, 1.5, 0.0001, 3, 300.0)","(700.0, 3.0, 0.001, 8, 200.0)","(800.0, 4.5, 0.01, 12, 100.0)","(750.0, 3.5, 0.0001, 10, 50.0)"
298,"(600.0, 1.0, 0.0001, 5, 200.0)","(700.0, 2.5, 0.001, 10, 50.0)","(750.0, 3.0, 0.01, 12, 10.0)","(800.0, 4.0, 0.1, 15, 5.0)","(500.0, 0.5, 1e-05, 1, 450.0)"
299,"(500.0, 0.5, 1e-05, 15, 0.5)","(600.0, 0.5, 1e-05, 15, 200.0)","(700.0, 5.0, 0.1, 1, 100.0)","(800.0, 1.0, 0.0001, 10, 300.0)","(900.0, 4.5, 1.0, 5, 500.0)"
300,"(500.0, 0.5, 1e-05, 1, 0.5)","(600.0, 0.6, 0.0001, 5, 20.0)","(700.0, 2.0, 0.01, 10, 100.0)","(800.0, 3.0, 0.1, 12, 200.0)","(850.0, 4.5, 1.0, 15, 300.0)"
303,"(500.0, 0.5, 1e-05, 1, 500.0)","(550.0, 5.0, 1.0, 1, 200.0)","(600.0, 3.0, 0.0001, 15, 100.0)","(650.0, 2.5, 0.001, 12, 50.0)","(700.0, 4.0, 0.01, 7, 20.0)"
304,"(900.0, 0.5, 1e-05, 1, 5.0)","(850.0, 1.0, 0.0001, 2, 10.0)","(800.0, 2.0, 0.001, 3, 20.0)","(750.0, 3.0, 0.01, 4, 50.0)","(600.0, 4.0, 0.1, 5, 100.0)"
307,"(500.0, 5.0, 1e-05, 1, 0.5)","(500.0, 0.5, 1e-05, 15, 500.0)","(850.0, 4.0, 1.0, 12, 15.0)","(700.0, 3.5, 0.0001, 7, 200.0)","(750.0, 1.2, 0.01, 5, 30.0)"
310,"(900.0, 0.5, 1.0, 1, 500.0)","(800.0, 0.6, 1e-05, 1, 400.0)","(700.0, 1.0, 0.001, 2, 300.0)","(600.0, 2.0, 0.01, 3, 200.0)","(500.0, 3.0, 0.0001, 4, 100.0)"
312,"(500.0, 0.5, 1e-05, 1, 0.5)","(550.0, 4.5, 0.0001, 15, 450.0)","(600.0, 1.2, 0.01, 7, 30.0)","(700.0, 3.5, 0.1, 12, 200.0)","(850.0, 5.0, 1.0, 5, 5.0)"
313,"(500.0, 0.5, 1e-05, 15, 450.0)","(600.0, 4.5, 0.0001, 1, 200.0)","(700.0, 0.5, 0.1, 7, 5.0)","(750.0, 4.5, 0.01, 12, 30.0)","(850.0, 3.5, 1.0, 5, 15.0)"
315,"(500.0, 0.5, 1e-05, 1, 0.5)","(500.0, 0.5, 1e-05, 1, 10.0)","(500.0, 0.5, 1e-05, 1, 50.0)","(500.0, 0.5, 1e-05, 1, 100.0)","(500.0, 0.5, 1e-05, 1, 500.0)"
316,"(500.0, 0.5, 1e-05, 15, 0.5)","(600.0, 5.0, 1.0, 1, 500.0)","(700.0, 4.5, 0.01, 12, 450.0)","(850.0, 4.0, 0.1, 7, 5.0)","(900.0, 1.2, 0.001, 5, 30.0)"
318,"(500.0, 0.5, 1e-05, 15, 5.0)","(900.0, 5.0, 1.0, 1, 500.0)","(600.0, 0.5, 0.0001, 15, 500.0)","(700.0, 1.2, 0.01, 1, 5.0)","(750.0, 4.5, 0.0001, 5, 300.0)"
319,"(500.0, 0.5, 1e-05, 1, 0.5)","(500.0, 0.5, 1e-05, 1, 100.0)","(600.0, 1.0, 0.0001, 5, 100.0)","(700.0, 3.0, 0.01, 10, 200.0)","(800.0, 4.0, 0.1, 15, 400.0)"
320,"(500.0, 0.5, 1e-05, 15, 0.5)","(550.0, 1.0, 0.0001, 12, 50.0)","(650.0, 2.5, 0.01, 7, 200.0)","(750.0, 4.0, 0.1, 10, 250.0)","(800.0, 4.5, 0.5, 5, 300.0)"
322,"(500.0, 0.5, 1e-05, 15, 450.0)","(900.0, 5.0, 1e-05, 1, 200.0)","(600.0, 0.5, 0.0001, 15, 5.0)","(800.0, 4.5, 0.1, 7, 30.0)","(750.0, 1.2, 0.01, 12, 15.0)"
323,"(500.0, 5.0, 1.0, 1, 0.5)","(600.0, 4.5, 1e-05, 15, 450.0)","(700.0, 0.5, 0.0001, 12, 30.0)","(800.0, 2.0, 0.01, 7, 100.0)","(900.0, 3.5, 0.1, 5, 500.0)"
324,"(500.0, 0.5, 1e-05, 15, 0.5)","(600.0, 0.7, 0.0001, 10, 20.0)","(700.0, 2.0, 0.001, 5, 50.0)","(750.0, 3.0, 0.01, 8, 100.0)","(850.0, 4.0, 0.1, 7, 500.0)"
325,"(500.0, 0.5, 1e-05, 1, 0.5)","(600.0, 1.0, 0.0001, 3, 5.0)","(700.0, 2.5, 0.01, 5, 50.0)","(750.0, 3.5, 0.1, 10, 100.0)","(850.0, 4.5, 1.0, 15, 300.0)"
327,"(500.0, 0.5, 1e-05, 1, 0.5)","(600.0, 1.0, 0.0001, 5, 10.0)","(700.0, 2.0, 0.001, 10, 50.0)","(800.0, 3.0, 0.01, 12, 150.0)","(850.0, 4.0, 0.1, 15, 450.0)"
329,"(500.0, 0.5, 1e-05, 15, 500.0)","(600.0, 1.0, 0.0001, 14, 450.0)","(700.0, 2.0, 0.001, 13, 400.0)","(800.0, 3.0, 0.01, 12, 350.0)","(900.0, 4.0, 0.1, 11, 300.0)"
330,"(500.0, 0.5, 1e-05, 15, 0.5)","(550.0, 1.0, 0.0001, 14, 10.0)","(600.0, 1.5, 0.001, 13, 50.0)","(650.0, 2.0, 0.01, 12, 100.0)","(700.0, 2.5, 0.1, 11, 200.0)"
331,"(900.0, 5.0, 1.0, 15, 500.0)","(850.0, 0.5, 0.1, 1, 450.0)","(800.0, 3.5, 0.01, 5, 300.0)","(750.0, 2.5, 0.001, 10, 200.0)","(700.0, 1.2, 0.0001, 12, 50.0)"
332,"(500.0, 0.5, 1e-05, 1, 500.0)","(600.0, 5.0, 0.0001, 15, 450.0)","(700.0, 1.0, 0.001, 14, 400.0)","(800.0, 2.0, 0.01, 13, 350.0)","(850.0, 3.0, 0.1, 12, 300.0)"
333,"(850.0, 0.5, 1e-05, 1, 5.0)","(800.0, 1.0, 0.0001, 3, 20.0)","(750.0, 2.0, 0.001, 5, 50.0)","(700.0, 3.0, 0.01, 9, 100.0)","(650.0, 4.0, 0.1, 15, 200.0)"
334,"(500.0, 5.0, 1e-05, 15, 0.5)","(600.0, 4.5, 0.0001, 15, 10.0)","(700.0, 4.0, 0.001, 12, 50.0)","(750.0, 3.5, 0.01, 10, 150.0)","(800.0, 3.0, 0.1, 7, 250.0)"
335,"(500.0, 0.5, 1e-05, 1, 0.5)","(600.0, 4.5, 0.0001, 15, 500.0)","(700.0, 1.2, 1e-05, 12, 30.0)","(800.0, 3.5, 0.01, 5, 150.0)","(900.0, 4.0, 0.1, 7, 450.0)"
336,"(500.0, 0.5, 1e-05, 1, 5.0)","(550.0, 1.0, 0.0001, 3, 10.0)","(600.0, 2.0, 0.001, 5, 20.0)","(650.0, 3.0, 0.01, 10, 50.0)","(700.0, 4.0, 0.1, 15, 100.0)"
337,"(500.0, 0.5, 1e-05, 15, 5.0)","(550.0, 1.0, 1e-05, 14, 10.0)","(600.0, 2.0, 1e-05, 13, 20.0)","(650.0, 3.0, 1e-05, 12, 30.0)","(700.0, 4.0, 1e-05, 11, 40.0)"
339,"(900.0, 0.5, 1e-05, 1, 0.5)","(900.0, 0.6, 1e-05, 2, 1.0)","(900.0, 0.7, 1e-05, 3, 1.5)","(900.0, 0.8, 1e-05, 4, 2.0)","(900.0, 0.9, 1e-05, 5, 2.5)"
340,"(500.0, 0.5, 1e-05, 15, 0.5)","(600.0, 1.0, 0.0001, 10, 50.0)","(700.0, 2.0, 0.001, 7, 150.0)","(800.0, 3.0, 0.01, 5, 300.0)","(900.0, 4.0, 0.1, 3, 450.0)"
341,"(500.0, 0.5, 1e-05, 15, 0.5)","(600.0, 5.0, 1.0, 15, 500.0)","(800.0, 2.0, 1e-05, 15, 100.0)","(750.0, 3.0, 0.0001, 10, 200.0)","(700.0, 4.0, 0.1, 5, 450.0)"
342,"(900.0, 0.5, 1e-05, 15, 500.0)","(850.0, 1.0, 0.0001, 12, 400.0)","(800.0, 2.0, 0.001, 10, 300.0)","(750.0, 3.0, 0.01, 8, 200.0)","(700.0, 4.5, 0.1, 5, 100.0)"
345,"(900.0, 0.5, 1e-05, 15, 0.5)","(850.0, 5.0, 1e-05, 1, 0.75)","(800.0, 2.0, 0.0001, 5, 50.0)","(750.0, 1.0, 0.001, 8, 100.0)","(700.0, 0.7, 0.01, 10, 200.0)"
351,"(500.0, 0.5, 1e-05, 15, 5.0)","(600.0, 4.5, 0.0001, 1, 200.0)","(850.0, 4.0, 0.1, 7, 30.0)","(700.0, 1.2, 0.01, 12, 15.0)","(750.0, 3.5, 0.0001, 5, 450.0)"
352,"(500.0, 0.5, 1e-05, 1, 0.5)","(550.0, 1.0, 0.0001, 2, 10.0)","(600.0, 2.0, 0.001, 3, 50.0)","(650.0, 3.0, 0.01, 4, 200.0)","(700.0, 4.0, 0.1, 5, 450.0)"
353,"(500.0, 5.0, 1e-05, 15, 500.0)","(550.0, 4.5, 0.0001, 14, 450.0)","(600.0, 3.5, 0.001, 12, 300.0)","(700.0, 2.5, 0.01, 10, 100.0)","(800.0, 1.5, 0.1, 1, 50.0)"
355,"(500.0, 0.5, 1e-05, 15, 5.0)","(600.0, 1.0, 0.0001, 12, 10.0)","(700.0, 2.0, 0.001, 10, 20.0)","(800.0, 3.0, 0.01, 8, 50.0)","(900.0, 4.0, 0.1, 5, 100.0)"
356,"(500.0, 5.0, 1e-05, 15, 500.0)","(600.0, 0.5, 0.0001, 1, 450.0)","(750.0, 4.5, 0.1, 12, 400.0)","(850.0, 1.2, 0.01, 5, 300.0)","(900.0, 3.5, 0.0001, 7, 250.0)"
357,"(500.0, 5.0, 1.0, 15, 0.5)","(900.0, 0.5, 1e-05, 1, 500.0)","(600.0, 4.5, 0.1, 15, 450.0)","(850.0, 1.2, 0.01, 12, 30.0)","(750.0, 3.5, 0.0001, 5, 15.0)"
358,"(500.0, 0.5, 1e-05, 1, 0.5)","(600.0, 1.0, 0.0001, 5, 50.0)","(700.0, 2.0, 0.001, 10, 100.0)","(800.0, 3.0, 0.01, 12, 200.0)","(850.0, 4.0, 0.1, 15, 300.0)"
359,"(500.0, 0.5, 1e-05, 15, 500.0)","(900.0, 5.0, 0.0001, 14, 400.0)","(750.0, 1.0, 0.001, 13, 300.0)","(850.0, 2.0, 0.01, 12, 200.0)","(800.0, 3.0, 0.1, 11, 100.0)"
360,"(500.0, 0.5, 1.0, 1, 500.0)","(550.0, 1.0, 0.1, 2, 450.0)","(600.0, 2.0, 0.01, 3, 400.0)","(650.0, 3.0, 0.001, 4, 350.0)","(700.0, 4.0, 0.0001, 5, 300.0)"
361,"(700.0, 0.5, 1.0, 15, 500.0)","(800.0, 1.0, 1e-05, 12, 400.0)","(500.0, 4.5, 0.1, 7, 200.0)","(600.0, 2.0, 0.0001, 10, 50.0)","(750.0, 3.5, 0.01, 5, 10.0)"
362,"(500.0, 0.5, 1.0, 1, 500.0)","(600.0, 1.0, 1e-05, 1, 450.0)","(700.0, 2.5, 0.0001, 5, 300.0)","(800.0, 3.0, 0.01, 10, 100.0)","(850.0, 3.5, 0.001, 12, 50.0)"
364,"(900.0, 5.0, 1.0, 15, 0.5)","(850.0, 4.0, 0.1, 12, 50.0)","(750.0, 3.5, 0.0001, 7, 100.0)","(700.0, 2.5, 0.001, 10, 200.0)","(650.0, 1.5, 1e-05, 5, 300.0)"
365,"(900.0, 5.0, 1.0, 1, 5.0)","(850.0, 4.5, 0.1, 2, 10.0)","(800.0, 4.0, 0.01, 3, 20.0)","(750.0, 3.5, 0.001, 4, 40.0)","(700.0, 3.0, 0.0001, 5, 60.0)"
366,"(500.0, 0.5, 1e-05, 1, 0.5)","(600.0, 2.0, 0.0001, 3, 5.0)","(700.0, 3.5, 0.001, 10, 50.0)","(750.0, 4.0, 0.01, 15, 200.0)","(780.0, 4.5, 0.1, 15, 500.0)"
367,"(900.0, 5.0, 1.0, 15, 0.5)","(800.0, 4.5, 0.5, 14, 10.0)","(750.0, 4.0, 0.1, 13, 50.0)","(700.0, 3.5, 0.01, 12, 200.0)","(600.0, 3.0, 0.0001, 11, 450.0)"
368,"(900.0, 0.5, 1e-05, 15, 450.0)","(500.0, 4.5, 1.0, 1, 5.0)","(600.0, 1.2, 0.0001, 12, 30.0)","(750.0, 3.5, 0.01, 5, 15.0)","(850.0, 4.0, 0.1, 7, 200.0)"
369,"(500.0, 0.5, 1e-05, 1, 0.5)","(600.0, 1.0, 0.0001, 2, 5.0)","(700.0, 2.0, 0.001, 3, 10.0)","(800.0, 3.0, 0.01, 4, 20.0)","(850.0, 4.0, 0.1, 5, 30.0)"
370,"(500.0, 0.5, 1.0, 15, 500.0)","(600.0, 5.0, 1e-05, 1, 0.5)","(700.0, 1.0, 0.0001, 12, 300.0)","(800.0, 4.5, 0.001, 7, 200.0)","(850.0, 3.0, 0.01, 5, 50.0)"
371,"(500.0, 0.5, 1e-05, 1, 0.5)","(550.0, 1.0, 0.0001, 2, 50.0)","(600.0, 2.0, 0.001, 3, 100.0)","(650.0, 3.0, 0.01, 4, 200.0)","(700.0, 4.0, 0.1, 5, 300.0)"
372,"(900.0, 0.5, 1.0, 15, 0.5)","(800.0, 1.0, 0.1, 10, 10.0)","(700.0, 2.0, 0.01, 7, 100.0)","(600.0, 3.0, 0.001, 5, 200.0)","(500.0, 4.5, 0.0001, 3, 450.0)"
373,"(500.0, 0.5, 1e-05, 1, 0.5)","(600.0, 4.5, 0.0001, 15, 5.0)","(700.0, 1.2, 0.1, 12, 30.0)","(850.0, 3.5, 1.0, 5, 15.0)","(900.0, 5.0, 0.01, 1, 450.0)"
377,"(900.0, 5.0, 1e-05, 1, 500.0)","(800.0, 4.0, 0.0001, 5, 300.0)","(750.0, 3.0, 0.001, 10, 150.0)","(700.0, 2.0, 0.01, 12, 50.0)","(650.0, 1.0, 0.1, 15, 5.0)"
378,"(500.0, 0.5, 1e-05, 1, 0.5)","(600.0, 1.0, 0.0001, 2, 10.0)","(700.0, 1.5, 0.001, 3, 20.0)","(800.0, 2.0, 0.01, 4, 30.0)","(900.0, 5.0, 0.1, 15, 500.0)"
379,"(850.0, 0.5, 1e-05, 15, 5.0)","(750.0, 1.0, 0.0001, 10, 20.0)","(600.0, 3.0, 0.001, 5, 50.0)","(700.0, 2.0, 0.01, 8, 100.0)","(720.0, 2.5, 0.01, 10, 150.0)"
380,"(500.0, 4.5, 1e-05, 15, 5.0)","(600.0, 3.5, 0.0001, 15, 20.0)","(700.0, 1.2, 0.01, 7, 30.0)","(750.0, 2.5, 0.1, 5, 50.0)","(850.0, 0.5, 1.0, 12, 450.0)"
381,"(500.0, 0.5, 1.0, 15, 0.5)","(900.0, 5.0, 1e-05, 1, 500.0)","(600.0, 1.0, 0.0001, 2, 50.0)","(700.0, 3.0, 0.001, 8, 100.0)","(800.0, 4.0, 0.01, 12, 300.0)"
382,"(500.0, 0.5, 1e-05, 1, 0.5)","(550.0, 1.0, 0.0001, 3, 1.0)","(600.0, 1.5, 0.001, 5, 2.0)","(650.0, 2.0, 0.01, 7, 3.0)","(700.0, 2.5, 0.1, 10, 4.0)"
385,"(500.0, 5.0, 1e-05, 15, 0.5)","(600.0, 4.5, 0.0001, 10, 50.0)","(700.0, 3.0, 0.001, 7, 200.0)","(800.0, 2.5, 0.01, 5, 300.0)","(900.0, 2.0, 0.1, 1, 500.0)"
386,"(500.0, 5.0, 1.0, 1, 0.5)","(500.0, 0.5, 1e-05, 15, 450.0)","(900.0, 4.5, 0.0001, 12, 400.0)","(750.0, 3.5, 0.01, 7, 250.0)","(700.0, 1.2, 0.1, 5, 15.0)"
387,"(800.0, 4.5, 1e-05, 15, 0.5)","(700.0, 0.5, 0.0001, 14, 100.0)","(600.0, 4.0, 0.1, 13, 200.0)","(550.0, 2.0, 0.01, 12, 250.0)","(500.0, 1.5, 0.001, 10, 300.0)"
389,"(500.0, 0.5, 1e-05, 1, 5.0)","(600.0, 4.5, 0.0001, 15, 50.0)","(700.0, 3.0, 0.001, 7, 500.0)","(750.0, 1.2, 0.01, 5, 100.0)","(850.0, 4.0, 0.1, 12, 300.0)"
390,"(500.0, 0.5, 1e-05, 15, 0.5)","(600.0, 1.0, 0.0001, 14, 10.0)","(700.0, 2.0, 0.001, 13, 20.0)","(800.0, 3.0, 0.01, 12, 30.0)","(900.0, 4.0, 0.1, 11, 40.0)"
391,"(500.0, 0.5, 1e-05, 1, 0.5)","(550.0, 1.0, 0.0001, 2, 10.0)","(600.0, 2.0, 0.001, 3, 20.0)","(650.0, 3.0, 0.01, 4, 30.0)","(700.0, 4.0, 0.1, 5, 40.0)"
392,"(900.0, 0.5, 1e-05, 15, 0.5)","(500.0, 5.0, 1.0, 1, 500.0)","(850.0, 4.5, 0.0001, 1, 15.0)","(750.0, 4.0, 0.1, 12, 30.0)","(700.0, 1.2, 0.01, 5, 450.0)"
394,"(500.0, 0.5, 1.0, 15, 0.5)","(600.0, 5.0, 1e-05, 1, 500.0)","(700.0, 1.0, 0.1, 12, 200.0)","(800.0, 3.0, 0.01, 7, 50.0)","(850.0, 4.5, 0.001, 5, 20.0)"
395,"(500.0, 0.5, 1e-05, 1, 0.5)","(899.9, 5.0, 1.0, 15, 500.0)","(600.0, 1.0, 0.001, 15, 450.0)","(700.0, 2.0, 0.01, 10, 30.0)","(750.0, 3.0, 0.0001, 7, 15.0)"
396,"(500.0, 0.5, 1e-05, 15, 0.5)","(550.0, 1.0, 0.0001, 14, 20.0)","(600.0, 2.0, 0.001, 10, 50.0)","(700.0, 3.0, 0.01, 7, 150.0)","(850.0, 4.5, 0.1, 5, 300.0)"
399,"(500.0, 0.5, 1e-05, 1, 0.5)","(600.0, 1.0, 0.0001, 3, 10.0)","(700.0, 2.0, 0.001, 5, 20.0)","(800.0, 3.0, 0.01, 7, 50.0)","(850.0, 4.0, 0.1, 10, 100.0)"
400,"(500.0, 0.5, 1.0, 1, 450.0)","(600.0, 1.0, 1e-05, 15, 200.0)","(700.0, 3.5, 0.1, 5, 30.0)","(800.0, 4.0, 0.01, 12, 5.0)","(850.0, 4.5, 0.0001, 7, 15.0)"
404,"(900.0, 5.0, 0.1, 1, 500.0)","(850.0, 4.0, 0.01, 7, 200.0)","(750.0, 3.5, 0.0001, 12, 100.0)","(700.0, 2.0, 0.001, 15, 50.0)","(600.0, 1.5, 1e-05, 15, 20.0)"
406,"(850.0, 0.5, 0.1, 15, 5.0)","(800.0, 1.5, 0.005, 12, 10.0)","(750.0, 3.0, 0.01, 10, 50.0)","(700.0, 4.0, 0.002, 8, 100.0)","(650.0, 4.5, 1e-05, 5, 200.0)"
408,"(500.0, 5.0, 1e-05, 15, 500.0)","(600.0, 4.5, 0.0001, 14, 450.0)","(700.0, 4.0, 0.001, 13, 400.0)","(750.0, 3.5, 0.01, 12, 350.0)","(800.0, 3.0, 0.1, 10, 300.0)"
409,"(500.0, 0.5, 1e-05, 1, 5.0)","(600.0, 1.0, 0.0001, 3, 50.0)","(700.0, 2.0, 0.001, 5, 100.0)","(750.0, 3.0, 0.01, 10, 200.0)","(850.0, 4.0, 0.1, 15, 400.0)"
410,"(500.0, 4.5, 1e-05, 15, 500.0)","(600.0, 4.5, 0.0001, 15, 450.0)","(700.0, 3.5, 0.01, 12, 30.0)","(750.0, 2.5, 0.1, 5, 15.0)","(850.0, 1.5, 0.001, 10, 5.0)"
411,"(500.0, 0.5, 1.0, 15, 450.0)","(600.0, 1.0, 0.1, 5, 200.0)","(700.0, 2.0, 0.01, 10, 100.0)","(800.0, 3.0, 0.001, 7, 50.0)","(850.0, 4.0, 0.0001, 3, 20.0)"
412,"(500.0, 5.0, 1e-05, 15, 500.0)","(550.0, 4.5, 0.0001, 12, 400.0)","(600.0, 3.5, 0.001, 10, 200.0)","(700.0, 2.5, 0.01, 7, 100.0)","(750.0, 3.0, 0.1, 5, 50.0)"
414,"(900.0, 5.0, 1e-05, 1, 500.0)","(850.0, 4.5, 0.0001, 15, 450.0)","(750.0, 3.5, 0.01, 12, 15.0)","(700.0, 1.2, 0.1, 5, 30.0)","(600.0, 0.5, 1.0, 7, 200.0)"
415,"(500.0, 5.0, 1e-05, 15, 0.5)","(600.0, 4.5, 1e-05, 14, 100.0)","(700.0, 4.0, 0.0001, 13, 200.0)","(800.0, 3.5, 0.001, 12, 300.0)","(900.0, 3.0, 0.01, 11, 400.0)"
417,"(500.0, 5.0, 1e-05, 1, 500.0)","(500.0, 0.5, 0.0001, 15, 0.5)","(900.0, 0.5, 1.0, 1, 500.0)","(500.0, 5.0, 1e-05, 15, 500.0)","(900.0, 5.0, 1e-05, 15, 500.0)"
418,"(500.0, 0.5, 1.0, 1, 0.5)","(500.0, 0.5, 1e-05, 1, 100.0)","(700.0, 1.0, 0.0001, 5, 150.0)","(750.0, 2.5, 0.001, 10, 200.0)","(800.0, 4.5, 0.01, 15, 250.0)"
419,"(900.0, 0.5, 1e-05, 15, 0.5)","(850.0, 1.0, 0.0001, 14, 50.0)","(800.0, 2.0, 0.001, 10, 100.0)","(750.0, 3.0, 0.01, 8, 200.0)","(700.0, 4.0, 0.1, 5, 300.0)"
421,"(900.0, 5.0, 1.0, 15, 500.0)","(850.0, 4.0, 0.1, 15, 400.0)","(750.0, 3.0, 0.001, 10, 200.0)","(650.0, 2.5, 0.0001, 7, 100.0)","(500.0, 0.5, 1e-05, 1, 50.0)"
422,"(500.0, 0.5, 1e-05, 15, 0.5)","(600.0, 1.0, 0.0001, 12, 50.0)","(700.0, 2.0, 0.001, 10, 100.0)","(750.0, 3.0, 0.01, 8, 200.0)","(850.0, 4.0, 0.1, 5, 300.0)"
424,"(500.0, 0.5, 1e-05, 1, 5.0)","(900.0, 5.0, 1.0, 15, 500.0)","(850.0, 4.0, 0.1, 7, 50.0)","(700.0, 1.2, 0.01, 12, 30.0)","(750.0, 3.5, 0.0001, 5, 150.0)"
425,"(500.0, 0.5, 1e-05, 15, 0.5)","(600.0, 1.0, 0.0001, 10, 10.0)","(700.0, 2.0, 0.001, 8, 50.0)","(750.0, 3.0, 0.01, 6, 150.0)","(800.0, 4.0, 0.1, 4, 300.0)"
426,"(900.0, 5.0, 1.0, 15, 500.0)","(800.0, 4.5, 0.005, 10, 200.0)","(700.0, 4.0, 0.0005, 5, 100.0)","(600.0, 3.5, 5e-05, 7, 50.0)","(500.0, 3.0, 0.05, 1, 10.0)"
427,"(500.0, 5.0, 1.0, 15, 500.0)","(600.0, 4.5, 0.1, 15, 400.0)","(700.0, 4.0, 0.01, 14, 300.0)","(750.0, 3.5, 0.001, 13, 200.0)","(800.0, 3.0, 0.0001, 12, 100.0)"
429,"(500.0, 5.0, 1e-05, 15, 0.5)","(600.0, 0.5, 0.0001, 14, 100.0)","(700.0, 2.5, 0.001, 10, 200.0)","(800.0, 3.0, 0.01, 8, 300.0)","(850.0, 4.0, 0.1, 5, 400.0)"
433,"(500.0, 0.5, 1e-05, 1, 450.0)","(700.0, 1.2, 0.01, 12, 200.0)","(850.0, 4.0, 0.1, 7, 5.0)","(600.0, 4.5, 0.0001, 15, 30.0)","(750.0, 3.5, 1.0, 5, 15.0)"
434,"(500.0, 0.5, 1e-05, 15, 0.5)","(550.0, 5.0, 0.0001, 1, 500.0)","(600.0, 4.5, 0.001, 14, 450.0)","(650.0, 4.0, 0.01, 13, 300.0)","(700.0, 3.5, 0.1, 12, 200.0)"
435,"(500.0, 0.5, 1e-05, 15, 500.0)","(550.0, 4.5, 0.0001, 14, 400.0)","(600.0, 2.0, 0.001, 13, 300.0)","(650.0, 3.0, 0.01, 12, 200.0)","(700.0, 5.0, 0.1, 11, 100.0)"
438,"(899.0, 4.9, 1.0, 15, 0.5)","(850.0, 4.5, 0.1, 14, 10.0)","(700.0, 0.6, 0.001, 10, 50.0)","(650.0, 2.5, 0.0001, 8, 100.0)","(750.0, 3.5, 0.0001, 12, 200.0)"
439,"(900.0, 0.5, 1.0, 15, 0.5)","(800.0, 1.0, 0.1, 14, 10.0)","(700.0, 2.0, 0.001, 10, 100.0)","(600.0, 3.0, 0.0001, 8, 200.0)","(500.0, 4.0, 1e-05, 1, 450.0)"
440,"(900.0, 0.5, 1e-05, 15, 0.5)","(850.0, 1.0, 0.0001, 10, 5.0)","(800.0, 2.5, 0.001, 7, 30.0)","(750.0, 3.0, 0.01, 12, 50.0)","(700.0, 4.5, 0.1, 5, 100.0)"
441,"(500.0, 0.5, 1e-05, 15, 5.0)","(500.0, 0.5, 1e-05, 1, 450.0)","(550.0, 0.5, 0.0001, 15, 200.0)","(600.0, 1.0, 0.01, 14, 50.0)","(650.0, 2.0, 0.001, 10, 100.0)"
443,"(500.0, 5.0, 1e-05, 1, 500.0)","(600.0, 0.5, 0.0001, 15, 450.0)","(700.0, 0.6, 1.0, 5, 400.0)","(750.0, 1.2, 0.01, 10, 30.0)","(850.0, 4.5, 0.1, 12, 5.0)"
445,"(900.0, 0.5, 1.0, 1, 0.5)","(800.0, 4.5, 1e-05, 15, 500.0)","(700.0, 1.0, 0.001, 5, 50.0)","(600.0, 2.0, 0.0001, 7, 200.0)","(750.0, 3.0, 0.01, 10, 250.0)"
446,"(900.0, 0.5, 1e-05, 15, 0.5)","(500.0, 4.5, 0.0001, 15, 500.0)","(600.0, 4.5, 0.1, 1, 5.0)","(700.0, 0.5, 1.0, 15, 500.0)","(800.0, 4.5, 0.01, 15, 450.0)"
447,"(900.0, 0.5, 1.0, 15, 500.0)","(800.0, 1.5, 0.1, 10, 300.0)","(750.0, 3.0, 0.001, 7, 100.0)","(700.0, 3.5, 0.0001, 5, 50.0)","(600.0, 4.0, 1e-05, 3, 20.0)"
451,"(500.0, 5.0, 1e-05, 15, 500.0)","(600.0, 4.5, 0.0001, 12, 400.0)","(700.0, 3.5, 0.01, 10, 200.0)","(800.0, 2.0, 0.1, 7, 100.0)","(850.0, 1.5, 1.0, 1, 50.0)"
453,"(500.0, 0.5, 1e-05, 15, 0.5)","(600.0, 5.0, 1.0, 1, 500.0)","(700.0, 1.0, 0.1, 10, 200.0)","(750.0, 3.0, 0.001, 7, 100.0)","(800.0, 4.0, 0.0001, 5, 50.0)"
455,"(500.0, 0.5, 1.0, 1, 500.0)","(600.0, 4.5, 1e-05, 15, 200.0)","(700.0, 1.2, 0.0001, 12, 30.0)","(800.0, 3.5, 0.1, 7, 15.0)","(900.0, 5.0, 0.01, 5, 5.0)"
456,"(500.0, 0.5, 1.0, 1, 500.0)","(550.0, 1.5, 1e-05, 15, 450.0)","(600.0, 2.5, 0.0001, 10, 400.0)","(650.0, 3.5, 0.001, 7, 350.0)","(700.0, 4.5, 0.01, 5, 300.0)"
457,"(900.0, 5.0, 1e-05, 15, 0.5)","(500.0, 0.5, 1.0, 1, 500.0)","(700.0, 3.5, 0.0001, 12, 30.0)","(750.0, 1.2, 0.01, 7, 15.0)","(850.0, 4.0, 0.1, 5, 5.0)"
459,"(500.0, 5.0, 1e-05, 1, 0.5)","(600.0, 4.5, 0.0001, 5, 50.0)","(700.0, 3.0, 0.001, 10, 100.0)","(750.0, 2.5, 0.01, 15, 200.0)","(780.0, 2.0, 0.1, 12, 400.0)"
463,"(500.0, 0.5, 1.0, 15, 0.5)","(550.0, 1.0, 1e-05, 10, 5.0)","(600.0, 2.0, 0.0001, 5, 100.0)","(700.0, 3.0, 0.001, 3, 200.0)","(800.0, 4.0, 0.01, 2, 400.0)"
464,"(900.0, 5.0, 1e-05, 15, 0.5)","(850.0, 4.5, 0.0001, 14, 1.0)","(800.0, 4.0, 0.001, 13, 50.0)","(750.0, 3.5, 0.01, 12, 100.0)","(700.0, 3.0, 0.1, 11, 500.0)"
467,"(500.0, 0.5, 1.0, 1, 0.5)","(900.0, 5.0, 1e-05, 15, 500.0)","(550.0, 0.6, 0.0001, 1, 1.0)","(850.0, 4.5, 0.1, 7, 4.0)","(700.0, 1.2, 0.01, 12, 30.0)"
468,"(500.0, 0.5, 1e-05, 15, 0.5)","(900.0, 5.0, 1.0, 1, 500.0)","(850.0, 4.5, 0.1, 15, 450.0)","(750.0, 3.5, 0.001, 12, 15.0)","(700.0, 1.2, 0.0001, 5, 30.0)"
469,"(500.0, 0.5, 1e-05, 1, 0.5)","(500.0, 4.5, 0.0001, 15, 500.0)","(600.0, 0.5, 0.0001, 1, 200.0)","(700.0, 3.5, 0.01, 12, 30.0)","(850.0, 4.0, 0.1, 7, 450.0)"
471,"(500.0, 0.5, 1e-05, 15, 500.0)","(600.0, 4.5, 0.0001, 12, 200.0)","(700.0, 1.2, 0.01, 7, 30.0)","(850.0, 3.5, 0.1, 5, 15.0)","(900.0, 4.0, 1.0, 1, 5.0)"
472,"(900.0, 0.5, 1e-05, 15, 0.5)","(850.0, 1.0, 0.0001, 14, 5.0)","(800.0, 2.5, 0.001, 10, 50.0)","(750.0, 4.0, 0.01, 7, 250.0)","(700.0, 4.5, 0.1, 5, 490.0)"
473,"(500.0, 0.5, 1e-05, 15, 0.5)","(500.0, 1.0, 0.0001, 14, 10.0)","(600.0, 2.0, 0.001, 13, 20.0)","(700.0, 3.0, 0.01, 12, 30.0)","(800.0, 4.0, 0.1, 11, 400.0)"
475,"(500.0, 0.5, 1.0, 1, 500.0)","(550.0, 4.5, 1e-05, 15, 450.0)","(600.0, 1.0, 0.1, 12, 300.0)","(650.0, 2.0, 0.01, 10, 100.0)","(700.0, 3.0, 0.001, 8, 50.0)"
476,"(500.0, 0.5, 1e-05, 15, 0.5)","(600.0, 1.0, 0.0001, 14, 50.0)","(700.0, 2.0, 0.001, 13, 100.0)","(800.0, 3.0, 0.01, 12, 200.0)","(900.0, 4.0, 0.1, 11, 450.0)"
477,"(500.0, 5.0, 1e-05, 1, 0.5)","(550.0, 4.5, 0.0001, 2, 50.0)","(700.0, 2.0, 0.001, 5, 100.0)","(750.0, 3.0, 0.01, 10, 200.0)","(800.0, 3.5, 0.1, 15, 300.0)"
478,"(850.0, 0.5, 1e-05, 15, 0.5)","(800.0, 1.0, 0.0001, 10, 10.0)","(750.0, 2.0, 0.001, 8, 50.0)","(700.0, 3.0, 0.01, 5, 150.0)","(650.0, 4.0, 0.1, 3, 200.0)"
480,"(500.0, 0.5, 1e-05, 15, 0.5)","(850.0, 4.5, 0.0001, 12, 200.0)","(700.0, 1.2, 0.01, 7, 500.0)","(750.0, 3.5, 0.0001, 5, 150.0)","(800.0, 2.0, 0.001, 10, 250.0)"
481,"(500.0, 0.5, 1e-05, 15, 500.0)","(550.0, 5.0, 1.0, 1, 450.0)","(600.0, 4.5, 0.0001, 15, 400.0)","(650.0, 3.0, 0.001, 12, 350.0)","(700.0, 2.5, 0.01, 10, 300.0)"
483,"(500.0, 5.0, 1e-05, 15, 0.5)","(900.0, 0.5, 1.0, 1, 500.0)","(500.0, 4.0, 0.0001, 1, 1.0)","(900.0, 1.0, 1e-05, 15, 50.0)","(500.0, 0.5, 0.001, 5, 10.0)"
484,"(900.0, 0.5, 1.0, 15, 0.5)","(800.0, 2.0, 1e-05, 5, 5.0)","(700.0, 3.0, 0.001, 3, 30.0)","(750.0, 2.5, 0.0001, 7, 100.0)","(600.0, 4.0, 0.01, 10, 200.0)"
485,"(900.0, 0.5, 1e-05, 15, 500.0)","(800.0, 4.0, 0.0001, 12, 400.0)","(700.0, 2.5, 0.001, 7, 250.0)","(600.0, 3.0, 0.01, 10, 200.0)","(500.0, 4.5, 0.1, 15, 50.0)"
486,"(900.0, 0.5, 1.0, 15, 0.5)","(850.0, 5.0, 1.0, 15, 5.0)","(800.0, 3.5, 0.1, 12, 20.0)","(750.0, 2.5, 0.01, 10, 100.0)","(700.0, 2.0, 0.001, 8, 300.0)"
487,"(500.0, 0.5, 1e-05, 15, 500.0)","(550.0, 1.0, 0.0001, 14, 450.0)","(600.0, 2.0, 0.001, 13, 400.0)","(650.0, 3.0, 0.01, 12, 350.0)","(700.0, 4.0, 0.1, 11, 300.0)"
488,"(500.0, 0.5, 1.0, 1, 0.5)","(550.0, 1.0, 1e-05, 2, 50.0)","(600.0, 2.0, 0.0001, 3, 100.0)","(650.0, 3.0, 0.001, 4, 200.0)","(700.0, 4.0, 0.01, 5, 300.0)"
489,"(900.0, 0.5, 1.0, 1, 0.5)","(800.0, 1.0, 0.5, 2, 10.0)","(700.0, 2.0, 0.2, 3, 50.0)","(600.0, 3.0, 0.1, 4, 150.0)","(550.0, 4.5, 0.05, 5, 300.0)"
490,"(500.0, 0.5, 1e-05, 1, 5.0)","(550.0, 1.0, 2e-05, 3, 10.0)","(600.0, 2.0, 5e-05, 5, 50.0)","(700.0, 3.0, 0.0001, 10, 200.0)","(800.0, 4.0, 0.0005, 15, 450.0)"
491,"(900.0, 0.5, 1e-05, 15, 0.5)","(890.0, 0.6, 0.0001, 14, 0.6)","(880.0, 1.0, 0.001, 12, 0.7)","(800.0, 2.0, 0.01, 10, 0.8)","(700.0, 3.0, 0.1, 7, 0.9)"
492,"(500.0, 5.0, 1e-05, 15, 5.0)","(500.0, 4.5, 0.0001, 14, 10.0)","(550.0, 4.0, 0.001, 13, 20.0)","(600.0, 3.5, 0.01, 12, 30.0)","(650.0, 3.0, 0.1, 11, 40.0)"
494,"(500.0, 0.5, 1e-05, 15, 0.5)","(550.0, 1.0, 0.0001, 14, 100.0)","(600.0, 2.0, 0.001, 12, 200.0)","(700.0, 3.0, 0.01, 10, 300.0)","(750.0, 4.0, 0.1, 8, 400.0)"
496,"(500.0, 0.5, 1e-05, 1, 0.5)","(550.0, 1.0, 0.0001, 2, 10.0)","(600.0, 1.5, 0.001, 3, 50.0)","(650.0, 2.0, 0.01, 4, 100.0)","(700.0, 2.5, 0.1, 5, 200.0)"
497,"(500.0, 0.5, 1.0, 15, 0.5)","(500.0, 5.0, 1.0, 1, 500.0)","(900.0, 0.5, 1e-05, 15, 500.0)","(900.0, 5.0, 1e-05, 1, 0.5)","(700.0, 3.0, 0.001, 10, 200.0)"
498,"(850.0, 0.5, 1e-05, 15, 5.0)","(750.0, 1.2, 0.0001, 12, 30.0)","(700.0, 3.5, 0.0001, 5, 150.0)","(600.0, 4.0, 0.1, 7, 200.0)","(500.0, 4.5, 1e-05, 15, 450.0)"
500,"(900.0, 5.0, 0.1, 15, 500.0)","(850.0, 4.0, 0.1, 15, 450.0)","(800.0, 3.5, 0.01, 10, 300.0)","(700.0, 2.5, 0.001, 5, 100.0)","(600.0, 1.5, 0.0001, 1, 50.0)"
502,"(900.0, 5.0, 1.0, 1, 0.5)","(800.0, 4.5, 0.1, 2, 5.0)","(750.0, 3.5, 0.01, 5, 15.0)","(700.0, 1.2, 0.001, 12, 30.0)","(600.0, 0.5, 0.0001, 15, 200.0)"
503,"(500.0, 0.5, 1.0, 1, 5.0)","(500.0, 0.5, 1e-05, 1, 450.0)","(600.0, 4.5, 1.0, 15, 450.0)","(850.0, 4.5, 1.0, 15, 450.0)","(700.0, 5.0, 1.0, 15, 450.0)"
506,"(900.0, 0.5, 1e-05, 1, 0.5)","(800.0, 1.5, 0.0001, 3, 20.0)","(700.0, 3.5, 0.001, 10, 50.0)","(600.0, 4.0, 0.05, 7, 100.0)","(750.0, 2.5, 0.01, 12, 300.0)"
507,"(500.0, 0.5, 1e-05, 15, 500.0)","(550.0, 0.6, 1e-05, 14, 450.0)","(600.0, 0.7, 1e-05, 13, 400.0)","(650.0, 0.8, 1e-05, 12, 350.0)","(700.0, 0.9, 1e-05, 11, 300.0)"
508,"(500.0, 0.5, 1.0, 1, 0.5)","(900.0, 5.0, 1e-05, 15, 500.0)","(600.0, 1.0, 0.0001, 7, 450.0)","(800.0, 3.0, 0.01, 12, 200.0)","(750.0, 4.5, 0.1, 5, 30.0)"
509,"(900.0, 5.0, 1e-05, 1, 0.5)","(800.0, 4.0, 0.0001, 2, 1.0)","(700.0, 3.0, 0.001, 3, 2.0)","(600.0, 2.0, 0.01, 4, 3.0)","(500.0, 1.0, 0.1, 5, 4.0)"
510,"(500.0, 0.5, 1e-05, 1, 0.5)","(600.0, 5.0, 1.0, 15, 500.0)","(700.0, 1.0, 0.0001, 5, 1.0)","(800.0, 4.5, 0.01, 10, 100.0)","(750.0, 3.5, 0.001, 12, 300.0)"
511,"(500.0, 0.5, 1e-05, 1, 0.5)","(550.0, 1.0, 0.0001, 3, 50.0)","(600.0, 2.0, 0.001, 5, 200.0)","(700.0, 3.0, 0.01, 10, 300.0)","(800.0, 4.0, 0.1, 15, 450.0)"
513,"(500.0, 5.0, 1.0, 1, 0.5)","(550.0, 4.5, 1e-05, 2, 500.0)","(600.0, 4.0, 0.0001, 3, 300.0)","(650.0, 3.5, 0.001, 4, 100.0)","(700.0, 3.0, 0.01, 5, 50.0)"
514,"(500.0, 0.5, 1e-05, 15, 5.0)","(700.0, 5.0, 1.0, 1, 500.0)","(600.0, 4.5, 0.0001, 15, 200.0)","(750.0, 0.5, 0.001, 12, 450.0)","(850.0, 1.2, 0.01, 7, 30.0)"
515,"(500.0, 0.5, 1e-05, 15, 500.0)","(600.0, 4.5, 0.0001, 1, 450.0)","(700.0, 2.0, 0.01, 10, 200.0)","(800.0, 3.0, 0.1, 5, 100.0)","(850.0, 4.0, 1.0, 7, 50.0)"
516,"(500.0, 5.0, 1.0, 1, 0.5)","(900.0, 0.5, 1e-05, 15, 500.0)","(700.0, 4.0, 0.0001, 12, 15.0)","(800.0, 1.2, 0.001, 10, 20.0)","(750.0, 3.5, 0.01, 8, 30.0)"
517,"(900.0, 0.5, 1e-05, 15, 5.0)","(800.0, 0.5, 0.0001, 15, 50.0)","(750.0, 1.0, 1e-05, 12, 100.0)","(700.0, 2.0, 0.001, 5, 200.0)","(600.0, 3.0, 0.0001, 7, 300.0)"
518,"(900.0, 5.0, 1.0, 15, 500.0)","(850.0, 4.5, 0.1, 12, 200.0)","(750.0, 2.0, 0.001, 8, 50.0)","(700.0, 3.0, 0.0001, 10, 100.0)","(600.0, 2.5, 1e-05, 5, 30.0)"
519,"(900.0, 0.5, 1e-05, 15, 500.0)","(850.0, 4.5, 1.0, 14, 450.0)","(750.0, 3.5, 0.01, 10, 300.0)","(700.0, 1.5, 0.001, 5, 200.0)","(600.0, 2.5, 0.0001, 7, 150.0)"
522,"(890.0, 0.5, 1.0, 1, 0.5)","(850.0, 0.6, 1.0, 2, 2.0)","(820.0, 1.5, 0.1, 3, 50.0)","(780.0, 2.5, 0.001, 5, 100.0)","(720.0, 4.5, 0.0001, 10, 200.0)"
523,"(500.0, 0.5, 1e-05, 15, 0.5)","(550.0, 0.6, 0.0001, 14, 10.0)","(600.0, 0.7, 0.001, 13, 20.0)","(650.0, 0.8, 0.01, 12, 50.0)","(700.0, 1.0, 0.1, 11, 100.0)"
524,"(500.0, 5.0, 1e-05, 1, 0.5)","(700.0, 0.5, 1.0, 15, 50.0)","(750.0, 3.5, 0.0001, 5, 200.0)","(800.0, 2.5, 0.001, 10, 400.0)","(900.0, 4.5, 0.1, 15, 500.0)"
526,"(500.0, 0.5, 1e-05, 15, 500.0)","(600.0, 5.0, 1.0, 1, 0.5)","(700.0, 0.6, 0.0001, 14, 5.0)","(750.0, 4.0, 0.1, 7, 30.0)","(850.0, 3.5, 0.01, 12, 200.0)"
527,"(500.0, 0.5, 1e-05, 15, 450.0)","(600.0, 4.5, 0.0001, 1, 200.0)","(850.0, 1.2, 0.1, 7, 5.0)","(700.0, 3.5, 0.01, 12, 30.0)","(750.0, 4.0, 0.0001, 5, 15.0)"
528,"(500.0, 5.0, 1e-05, 15, 500.0)","(510.0, 4.9, 2e-05, 14, 480.0)","(520.0, 4.8, 3e-05, 13, 460.0)","(530.0, 4.7, 4e-05, 12, 440.0)","(540.0, 4.6, 5e-05, 11, 420.0)"
529,"(500.0, 5.0, 1.0, 1, 500.0)","(600.0, 4.5, 0.1, 15, 400.0)","(700.0, 3.5, 0.01, 10, 200.0)","(750.0, 3.0, 0.001, 12, 100.0)","(850.0, 2.5, 0.0001, 14, 50.0)"
530,"(500.0, 5.0, 1e-05, 15, 0.5)","(550.0, 4.0, 0.0001, 14, 1.0)","(600.0, 2.0, 0.001, 10, 10.0)","(700.0, 3.0, 0.01, 8, 50.0)","(800.0, 2.5, 0.1, 5, 100.0)"
531,"(500.0, 0.5, 1e-05, 1, 0.5)","(600.0, 1.0, 0.0001, 5, 10.0)","(700.0, 3.0, 0.01, 10, 50.0)","(750.0, 4.5, 0.05, 15, 200.0)","(800.0, 5.0, 0.1, 15, 500.0)"
532,"(900.0, 5.0, 1e-05, 15, 0.5)","(800.0, 0.5, 0.0001, 1, 100.0)","(750.0, 1.0, 0.001, 3, 150.0)","(700.0, 2.0, 0.01, 6, 250.0)","(650.0, 3.0, 0.1, 9, 400.0)"
533,"(500.0, 0.5, 1e-05, 1, 0.5)","(600.0, 5.0, 0.0001, 1, 100.0)","(700.0, 1.0, 0.001, 5, 200.0)","(800.0, 3.0, 0.01, 10, 300.0)","(850.0, 4.0, 0.1, 15, 400.0)"
534,"(800.0, 0.5, 1e-05, 1, 500.0)","(750.0, 1.0, 1e-05, 5, 400.0)","(700.0, 2.0, 0.0001, 10, 300.0)","(650.0, 3.0, 0.001, 15, 200.0)","(600.0, 4.0, 0.01, 12, 100.0)"
535,"(500.0, 0.5, 1e-05, 1, 10.0)","(900.0, 5.0, 0.1, 15, 0.5)","(600.0, 0.6, 0.0001, 2, 20.0)","(700.0, 1.0, 0.01, 3, 50.0)","(800.0, 4.0, 0.001, 4, 100.0)"
536,"(500.0, 5.0, 1e-05, 15, 0.5)","(550.0, 0.5, 0.0001, 1, 5.0)","(600.0, 1.2, 0.01, 12, 30.0)","(700.0, 3.5, 0.0001, 5, 15.0)","(850.0, 4.0, 0.1, 7, 500.0)"
537,"(900.0, 0.5, 1e-05, 1, 0.5)","(850.0, 0.6, 0.0001, 3, 50.0)","(750.0, 2.0, 0.001, 5, 100.0)","(700.0, 3.0, 0.01, 10, 200.0)","(650.0, 4.0, 0.1, 15, 300.0)"
538,"(500.0, 4.5, 1e-05, 15, 450.0)","(500.0, 0.5, 1e-05, 15, 0.5)","(600.0, 4.5, 0.0001, 14, 200.0)","(700.0, 3.5, 0.001, 10, 30.0)","(750.0, 2.5, 0.01, 7, 50.0)"
539,"(500.0, 0.5, 1e-05, 1, 0.5)","(600.0, 5.0, 1.0, 15, 500.0)","(700.0, 0.5, 1e-05, 15, 0.5)","(800.0, 5.0, 1.0, 1, 500.0)","(900.0, 0.5, 1e-05, 1, 0.5)"
542,"(899.0, 0.5, 1e-05, 15, 5.0)","(850.0, 0.5, 0.0001, 14, 10.0)","(800.0, 1.0, 0.001, 13, 15.0)","(750.0, 1.5, 0.01, 12, 20.0)","(700.0, 2.0, 0.1, 11, 25.0)"
543,"(500.0, 0.5, 1.0, 1, 0.5)","(550.0, 5.0, 1e-05, 15, 500.0)","(600.0, 1.0, 0.0001, 14, 400.0)","(700.0, 3.0, 0.01, 13, 250.0)","(800.0, 4.0, 0.001, 12, 100.0)"
544,"(500.0, 4.5, 1e-05, 15, 450.0)","(500.0, 0.5, 1e-05, 15, 0.5)","(550.0, 5.0, 1.0, 14, 450.0)","(600.0, 4.5, 0.0001, 13, 200.0)","(650.0, 3.5, 0.01, 12, 5.0)"
545,"(500.0, 0.5, 1e-05, 1, 0.5)","(550.0, 1.0, 0.0001, 5, 5.0)","(600.0, 4.0, 0.1, 15, 200.0)","(700.0, 3.5, 0.01, 12, 30.0)","(750.0, 4.5, 0.0001, 7, 450.0)"
546,"(500.0, 5.0, 0.1, 15, 5.0)","(550.0, 3.5, 0.001, 10, 20.0)","(650.0, 2.0, 0.0001, 5, 50.0)","(700.0, 1.8, 1e-05, 1, 100.0)","(750.0, 0.5, 1e-05, 3, 300.0)"
549,"(900.0, 0.5, 1e-05, 1, 0.5)","(800.0, 1.5, 0.001, 5, 10.0)","(750.0, 2.5, 0.01, 10, 50.0)","(700.0, 4.0, 0.0001, 10, 200.0)","(650.0, 4.5, 1e-05, 15, 150.0)"
551,"(500.0, 0.5, 1e-05, 1, 0.5)","(600.0, 4.5, 0.0001, 15, 500.0)","(700.0, 3.5, 0.001, 10, 15.0)","(750.0, 2.5, 0.01, 12, 300.0)","(800.0, 1.5, 0.1, 7, 250.0)"
552,"(500.0, 0.5, 1e-05, 15, 0.5)","(550.0, 0.6, 1e-05, 14, 1.0)","(600.0, 1.0, 0.0001, 13, 2.0)","(650.0, 1.5, 0.001, 12, 5.0)","(700.0, 2.0, 0.01, 11, 10.0)"
553,"(500.0, 5.0, 1e-05, 15, 450.0)","(550.0, 4.5, 0.0001, 14, 400.0)","(600.0, 4.0, 0.001, 13, 350.0)","(650.0, 3.5, 0.01, 12, 300.0)","(700.0, 3.0, 0.1, 11, 250.0)"
554,"(500.0, 0.5, 1.0, 1, 500.0)","(600.0, 1.0, 5e-05, 2, 450.0)","(700.0, 2.0, 0.0001, 3, 300.0)","(800.0, 3.0, 0.01, 4, 200.0)","(900.0, 4.0, 0.1, 5, 150.0)"
555,"(500.0, 0.5, 1e-05, 15, 0.5)","(600.0, 1.0, 0.0001, 10, 10.0)","(700.0, 2.0, 0.001, 7, 50.0)","(750.0, 3.0, 0.01, 5, 100.0)","(800.0, 4.0, 0.1, 12, 200.0)"
556,"(900.0, 5.0, 0.1, 15, 5.0)","(800.0, 4.5, 0.0001, 14, 50.0)","(750.0, 4.0, 0.01, 13, 100.0)","(700.0, 3.5, 0.001, 12, 200.0)","(600.0, 3.0, 0.0001, 11, 400.0)"
557,"(500.0, 0.5, 1e-05, 1, 0.5)","(600.0, 1.0, 0.0001, 2, 10.0)","(700.0, 2.5, 0.001, 3, 50.0)","(800.0, 3.0, 0.01, 4, 200.0)","(900.0, 4.0, 0.1, 15, 400.0)"
558,"(500.0, 0.5, 1e-05, 15, 5.0)","(600.0, 4.5, 0.0001, 15, 200.0)","(700.0, 3.0, 0.01, 7, 30.0)","(750.0, 2.5, 0.001, 12, 50.0)","(850.0, 4.0, 0.1, 5, 150.0)"
559,"(500.0, 4.5, 1e-05, 15, 500.0)","(600.0, 3.5, 0.0001, 12, 450.0)","(700.0, 2.0, 0.001, 7, 200.0)","(750.0, 1.5, 0.01, 10, 100.0)","(800.0, 0.5, 0.1, 5, 50.0)"
560,"(500.0, 0.5, 1.0, 15, 0.5)","(900.0, 5.0, 1e-05, 1, 500.0)","(700.0, 1.0, 0.1, 1, 1.0)","(800.0, 3.0, 0.0001, 5, 2.0)","(750.0, 2.5, 0.001, 10, 3.0)"
561,"(500.0, 0.5, 1e-05, 15, 0.5)","(500.0, 5.0, 1.0, 1, 500.0)","(900.0, 0.5, 1.0, 15, 500.0)","(700.0, 3.5, 0.0001, 10, 200.0)","(750.0, 4.5, 0.001, 5, 300.0)"
562,"(500.0, 5.0, 1e-05, 15, 0.5)","(600.0, 0.5, 0.0001, 1, 50.0)","(800.0, 2.5, 0.01, 5, 100.0)","(700.0, 1.5, 0.1, 10, 200.0)","(750.0, 3.0, 0.5, 12, 400.0)"
564,"(500.0, 0.5, 1e-05, 1, 0.5)","(550.0, 1.0, 0.0001, 2, 1.0)","(600.0, 2.0, 0.001, 3, 2.0)","(650.0, 3.0, 0.01, 4, 3.0)","(700.0, 4.0, 0.1, 5, 4.0)"
566,"(500.0, 0.5, 1e-05, 15, 500.0)","(600.0, 1.0, 0.0001, 14, 400.0)","(700.0, 2.5, 0.001, 10, 200.0)","(800.0, 4.0, 0.01, 8, 100.0)","(850.0, 4.5, 0.1, 5, 50.0)"
567,"(900.0, 0.5, 1e-05, 15, 5.0)","(850.0, 1.0, 0.0001, 12, 30.0)","(750.0, 2.5, 0.001, 7, 150.0)","(700.0, 3.0, 0.01, 5, 200.0)","(600.0, 4.5, 0.1, 1, 450.0)"
568,"(500.0, 5.0, 1e-05, 15, 500.0)","(700.0, 0.5, 0.0001, 10, 200.0)","(850.0, 3.0, 0.01, 7, 100.0)","(750.0, 2.0, 0.001, 5, 50.0)","(720.0, 1.5, 0.01, 8, 150.0)"
569,"(500.0, 0.5, 1e-05, 15, 0.5)","(600.0, 1.0, 0.0001, 10, 10.0)","(700.0, 2.0, 0.001, 5, 100.0)","(800.0, 3.0, 0.01, 3, 150.0)","(900.0, 4.5, 0.1, 7, 200.0)"
571,"(900.0, 5.0, 1.0, 15, 5.0)","(850.0, 4.0, 0.1, 12, 10.0)","(800.0, 3.5, 0.01, 9, 100.0)","(750.0, 3.0, 0.001, 6, 200.0)","(700.0, 2.5, 0.0001, 3, 400.0)"
572,"(500.0, 0.5, 1e-05, 15, 500.0)","(600.0, 4.5, 0.0001, 12, 30.0)","(700.0, 1.2, 0.001, 7, 200.0)","(800.0, 3.5, 0.01, 5, 5.0)","(900.0, 4.0, 0.1, 1, 0.5)"
573,"(500.0, 5.0, 1.0, 15, 500.0)","(550.0, 4.5, 1e-05, 15, 450.0)","(600.0, 4.0, 0.0001, 12, 400.0)","(650.0, 3.5, 0.001, 10, 350.0)","(700.0, 3.0, 0.01, 8, 300.0)"
576,"(890.0, 0.6, 1e-05, 1, 490.0)","(850.0, 1.0, 0.0001, 3, 250.0)","(780.0, 2.0, 0.001, 5, 100.0)","(720.0, 3.0, 0.01, 10, 30.0)","(650.0, 4.0, 0.1, 15, 5.0)"
577,"(500.0, 0.5, 1e-05, 15, 500.0)","(600.0, 0.6, 0.0001, 14, 490.0)","(700.0, 0.7, 0.001, 13, 480.0)","(800.0, 0.8, 0.01, 12, 470.0)","(900.0, 0.9, 0.1, 11, 460.0)"
578,"(500.0, 0.5, 1e-05, 15, 0.5)","(600.0, 1.0, 0.0001, 10, 50.0)","(700.0, 2.0, 0.001, 5, 100.0)","(750.0, 3.0, 0.01, 12, 200.0)","(800.0, 4.0, 0.1, 7, 300.0)"
579,"(500.0, 0.5, 1.0, 1, 0.5)","(600.0, 1.0, 1e-05, 2, 500.0)","(700.0, 3.0, 0.0001, 3, 150.0)","(800.0, 4.0, 0.001, 4, 30.0)","(900.0, 5.0, 0.01, 5, 50.0)"
580,"(850.0, 0.5, 1.0, 1, 5.0)","(700.0, 0.5, 1e-05, 1, 5.0)","(750.0, 0.5, 0.1, 1, 500.0)","(750.0, 3.5, 0.0001, 5, 15.0)","(750.0, 4.5, 1e-05, 15, 450.0)"
581,"(500.0, 0.5, 1e-05, 1, 5.0)","(600.0, 5.0, 0.0001, 15, 450.0)","(700.0, 4.5, 0.1, 7, 30.0)","(750.0, 3.5, 0.01, 12, 15.0)","(850.0, 4.0, 0.0001, 5, 5.0)"
582,"(500.0, 4.5, 1e-05, 15, 450.0)","(600.0, 0.5, 0.0001, 1, 200.0)","(850.0, 4.0, 0.1, 7, 5.0)","(700.0, 1.2, 0.01, 12, 30.0)","(750.0, 3.5, 0.0001, 5, 15.0)"
583,"(900.0, 0.5, 1e-05, 1, 0.5)","(850.0, 1.0, 0.0001, 2, 1.0)","(800.0, 2.0, 0.001, 3, 2.0)","(750.0, 3.0, 0.01, 4, 3.0)","(700.0, 4.0, 0.1, 5, 4.0)"
584,"(500.0, 0.5, 1e-05, 1, 0.5)","(600.0, 0.5, 0.0001, 1, 5.0)","(700.0, 1.0, 0.001, 5, 10.0)","(800.0, 2.0, 0.01, 10, 100.0)","(850.0, 3.0, 0.1, 15, 200.0)"
585,"(500.0, 5.0, 1e-05, 15, 0.5)","(600.0, 0.5, 1.0, 1, 500.0)","(700.0, 4.5, 0.1, 14, 450.0)","(800.0, 1.0, 0.001, 10, 200.0)","(900.0, 3.0, 0.0001, 7, 100.0)"
586,"(500.0, 0.5, 1e-05, 15, 0.5)","(500.0, 5.0, 1.0, 1, 500.0)","(900.0, 4.5, 0.1, 1, 450.0)","(700.0, 4.0, 0.0001, 12, 30.0)","(750.0, 3.5, 1e-05, 5, 15.0)"
587,"(500.0, 0.5, 1e-05, 15, 0.5)","(600.0, 5.0, 1.0, 1, 500.0)","(800.0, 0.5, 1e-05, 15, 50.0)","(700.0, 5.0, 0.1, 1, 100.0)","(750.0, 4.0, 0.01, 12, 200.0)"
588,"(900.0, 0.5, 1.0, 1, 5.0)","(800.0, 1.0, 0.1, 3, 10.0)","(700.0, 1.5, 0.01, 5, 20.0)","(600.0, 2.0, 0.001, 8, 30.0)","(500.0, 2.5, 0.0001, 10, 40.0)"
589,"(900.0, 4.5, 0.1, 15, 500.0)","(850.0, 0.5, 1e-05, 1, 0.5)","(800.0, 3.0, 0.001, 7, 50.0)","(750.0, 1.5, 0.01, 12, 100.0)","(700.0, 2.0, 0.0001, 5, 300.0)"
592,"(850.0, 0.5, 1.0, 15, 450.0)","(800.0, 2.5, 0.1, 10, 300.0)","(750.0, 4.0, 0.001, 8, 200.0)","(700.0, 3.0, 0.0001, 7, 100.0)","(650.0, 3.5, 1e-05, 5, 50.0)"
593,"(900.0, 5.0, 1e-05, 15, 0.5)","(500.0, 0.5, 1e-05, 12, 100.0)","(800.0, 4.5, 0.0001, 10, 250.0)","(700.0, 3.0, 0.1, 7, 300.0)","(650.0, 2.5, 0.001, 5, 400.0)"
594,"(500.0, 0.5, 1.0, 15, 0.5)","(500.0, 1.0, 1e-05, 14, 10.0)","(500.0, 1.5, 0.0001, 13, 20.0)","(500.0, 2.0, 0.001, 12, 30.0)","(500.0, 2.5, 0.01, 11, 40.0)"
595,"(900.0, 0.5, 1.0, 15, 0.5)","(850.0, 1.0, 0.1, 12, 50.0)","(800.0, 2.0, 0.01, 10, 200.0)","(750.0, 3.0, 0.001, 8, 100.0)","(700.0, 4.5, 0.0001, 5, 450.0)"
596,"(500.0, 0.5, 1e-05, 1, 0.5)","(550.0, 1.0, 0.0001, 2, 10.0)","(600.0, 2.0, 0.001, 3, 20.0)","(650.0, 3.0, 0.01, 4, 40.0)","(700.0, 4.0, 0.1, 5, 60.0)"
598,"(500.0, 5.0, 1e-05, 15, 0.5)","(550.0, 4.5, 0.0001, 15, 5.0)","(600.0, 4.0, 0.001, 12, 10.0)","(650.0, 3.5, 0.01, 10, 200.0)","(700.0, 3.0, 0.1, 7, 450.0)"
599,"(900.0, 5.0, 1.0, 15, 500.0)","(850.0, 4.5, 0.1, 14, 400.0)","(800.0, 2.5, 0.001, 10, 200.0)","(750.0, 3.0, 0.0001, 8, 100.0)","(700.0, 1.5, 1e-05, 5, 50.0)"
600,"(500.0, 0.5, 1.0, 15, 0.5)","(600.0, 1.0, 1e-05, 10, 50.0)","(700.0, 2.0, 0.0001, 7, 100.0)","(750.0, 3.0, 0.001, 3, 200.0)","(800.0, 4.0, 0.01, 5, 300.0)"
602,"(500.0, 4.5, 1.0, 15, 500.0)","(550.0, 4.0, 0.0005, 14, 400.0)","(600.0, 3.5, 0.01, 13, 300.0)","(650.0, 3.0, 0.001, 12, 200.0)","(700.0, 2.5, 5e-05, 11, 100.0)"
603,"(900.0, 5.0, 1e-05, 15, 500.0)","(800.0, 4.5, 0.0001, 12, 300.0)","(750.0, 4.0, 0.001, 9, 200.0)","(700.0, 3.5, 0.01, 6, 100.0)","(650.0, 2.5, 0.1, 3, 50.0)"
604,"(500.0, 5.0, 1e-05, 1, 0.5)","(550.0, 4.0, 0.0001, 15, 200.0)","(600.0, 3.5, 0.001, 10, 150.0)","(650.0, 2.5, 0.01, 7, 100.0)","(700.0, 1.5, 0.1, 5, 50.0)"
605,"(500.0, 0.5, 1.0, 1, 0.5)","(500.0, 1.0, 0.0001, 5, 15.0)","(600.0, 2.0, 0.01, 12, 30.0)","(700.0, 3.0, 0.001, 7, 50.0)","(750.0, 4.0, 0.1, 15, 450.0)"
607,"(500.0, 4.5, 1.0, 15, 0.5)","(550.0, 3.5, 1.0, 14, 1.0)","(600.0, 2.5, 5e-05, 13, 2.0)","(650.0, 1.5, 0.0001, 12, 3.0)","(700.0, 0.5, 1e-05, 11, 4.0)"
608,"(500.0, 5.0, 1e-05, 1, 0.5)","(900.0, 0.5, 1.0, 1, 500.0)","(600.0, 4.5, 0.0001, 15, 200.0)","(700.0, 1.2, 0.01, 12, 30.0)","(850.0, 3.5, 0.1, 7, 5.0)"
612,"(500.0, 0.5, 1.0, 1, 0.5)","(550.0, 1.0, 0.1, 2, 5.0)","(600.0, 2.0, 0.01, 5, 50.0)","(650.0, 3.0, 0.001, 10, 200.0)","(700.0, 4.0, 0.0001, 15, 450.0)"
613,"(500.0, 5.0, 1e-05, 15, 0.5)","(600.0, 0.5, 0.0001, 1, 50.0)","(800.0, 2.0, 0.01, 5, 100.0)","(750.0, 3.0, 0.1, 10, 200.0)","(850.0, 4.0, 0.005, 15, 300.0)"
614,"(500.0, 5.0, 1e-05, 15, 500.0)","(600.0, 4.5, 0.0001, 10, 400.0)","(700.0, 3.0, 0.001, 7, 200.0)","(800.0, 2.0, 0.01, 5, 100.0)","(850.0, 1.5, 0.1, 1, 50.0)"
615,"(500.0, 0.5, 1e-05, 15, 0.5)","(500.0, 5.0, 1e-05, 1, 450.0)","(500.0, 2.5, 1e-05, 8, 250.0)","(750.0, 1.5, 0.0001, 7, 150.0)","(750.0, 3.5, 0.001, 5, 25.0)"
617,"(500.0, 5.0, 1e-05, 1, 0.5)","(600.0, 4.5, 0.0001, 5, 5.0)","(700.0, 3.0, 0.001, 10, 30.0)","(800.0, 2.0, 0.01, 12, 200.0)","(750.0, 2.5, 0.1, 15, 450.0)"
618,"(900.0, 5.0, 1e-05, 15, 500.0)","(850.0, 4.0, 0.0001, 12, 200.0)","(700.0, 1.2, 0.01, 5, 30.0)","(750.0, 3.5, 0.0001, 7, 15.0)","(600.0, 0.5, 0.1, 1, 5.0)"
619,"(500.0, 0.5, 1.0, 15, 0.5)","(900.0, 5.0, 1e-05, 1, 500.0)","(800.0, 4.5, 0.1, 15, 450.0)","(700.0, 3.0, 0.01, 12, 200.0)","(600.0, 2.0, 0.001, 7, 100.0)"
620,"(500.0, 0.5, 1e-05, 1, 5.0)","(600.0, 0.6, 0.0001, 2, 10.0)","(700.0, 1.0, 0.001, 3, 20.0)","(800.0, 2.0, 0.01, 5, 50.0)","(850.0, 3.0, 0.1, 10, 100.0)"
621,"(500.0, 4.5, 1e-05, 15, 5.0)","(500.0, 4.5, 1e-05, 14, 10.0)","(500.0, 4.5, 1e-05, 13, 15.0)","(500.0, 4.5, 1e-05, 12, 20.0)","(500.0, 4.5, 1e-05, 11, 25.0)"
622,"(500.0, 0.5, 1e-05, 1, 0.5)","(550.0, 1.0, 0.0001, 2, 20.0)","(600.0, 2.0, 0.001, 3, 50.0)","(650.0, 3.0, 0.01, 4, 100.0)","(700.0, 4.0, 0.1, 5, 200.0)"
623,"(500.0, 0.5, 1e-05, 15, 500.0)","(500.0, 1.0, 1e-05, 14, 450.0)","(550.0, 1.5, 1e-05, 13, 400.0)","(600.0, 2.0, 1e-05, 12, 350.0)","(650.0, 2.5, 1e-05, 11, 300.0)"
624,"(500.0, 0.5, 1e-05, 1, 500.0)","(550.0, 1.0, 1.0, 1, 450.0)","(600.0, 2.0, 0.1, 5, 300.0)","(650.0, 3.0, 0.01, 10, 100.0)","(700.0, 4.0, 0.0001, 15, 50.0)"
625,"(500.0, 0.5, 1e-05, 1, 0.5)","(900.0, 0.6, 1.0, 15, 500.0)","(600.0, 5.0, 0.1, 14, 450.0)","(700.0, 1.5, 0.0001, 7, 50.0)","(750.0, 2.0, 0.001, 5, 150.0)"
626,"(500.0, 0.5, 1e-05, 15, 0.5)","(550.0, 1.0, 0.0001, 10, 50.0)","(600.0, 2.5, 0.01, 5, 100.0)","(700.0, 3.5, 0.1, 10, 200.0)","(750.0, 4.5, 1.0, 15, 300.0)"
627,"(500.0, 0.5, 1e-05, 15, 0.5)","(900.0, 0.6, 1.0, 1, 500.0)","(700.0, 4.0, 0.1, 15, 400.0)","(850.0, 5.0, 1e-05, 14, 450.0)","(750.0, 3.5, 0.0001, 5, 30.0)"
628,"(500.0, 0.5, 1e-05, 15, 0.5)","(550.0, 0.6, 1.0, 1, 1.0)","(600.0, 1.0, 0.0001, 14, 5.0)","(650.0, 2.0, 0.001, 13, 10.0)","(700.0, 3.0, 0.01, 12, 100.0)"
630,"(500.0, 0.5, 1e-05, 15, 0.5)","(900.0, 5.0, 1.0, 1, 500.0)","(550.0, 1.0, 1e-05, 10, 20.0)","(700.0, 2.0, 0.01, 5, 100.0)","(800.0, 3.0, 0.1, 8, 200.0)"
631,"(500.0, 0.5, 1e-05, 15, 0.5)","(550.0, 1.0, 1.0, 1, 50.0)","(600.0, 2.0, 0.1, 10, 100.0)","(650.0, 3.0, 0.01, 12, 200.0)","(700.0, 4.0, 0.001, 5, 450.0)"
633,"(500.0, 5.0, 1e-05, 15, 500.0)","(550.0, 5.0, 1e-05, 15, 500.0)","(600.0, 4.5, 1e-05, 15, 500.0)","(700.0, 1.0, 0.01, 10, 100.0)","(800.0, 3.0, 0.1, 5, 50.0)"
635,"(500.0, 0.5, 1e-05, 15, 500.0)","(550.0, 1.0, 0.0001, 10, 450.0)","(600.0, 2.0, 0.001, 8, 200.0)","(650.0, 3.0, 0.01, 6, 100.0)","(700.0, 4.0, 0.1, 5, 50.0)"
636,"(500.0, 5.0, 1e-05, 1, 0.5)","(600.0, 4.5, 0.0001, 15, 450.0)","(700.0, 3.0, 0.001, 10, 100.0)","(750.0, 2.5, 0.01, 7, 50.0)","(850.0, 1.5, 0.1, 5, 20.0)"
637,"(500.0, 4.5, 1e-05, 15, 450.0)","(550.0, 0.5, 0.0001, 14, 400.0)","(600.0, 1.0, 0.001, 13, 350.0)","(650.0, 2.5, 0.01, 12, 300.0)","(700.0, 4.0, 0.1, 11, 250.0)"
638,"(500.0, 0.5, 1.0, 15, 500.0)","(550.0, 1.0, 1e-05, 1, 200.0)","(600.0, 2.0, 0.0001, 2, 100.0)","(650.0, 3.0, 0.001, 3, 50.0)","(700.0, 4.0, 0.01, 4, 10.0)"
639,"(500.0, 5.0, 1e-05, 15, 5.0)","(600.0, 0.5, 1.0, 1, 500.0)","(700.0, 4.5, 0.0001, 10, 200.0)","(750.0, 3.5, 0.01, 5, 30.0)","(850.0, 4.0, 0.1, 7, 5.0)"
640,"(500.0, 5.0, 1e-05, 15, 0.5)","(900.0, 0.5, 0.0001, 1, 500.0)","(700.0, 4.5, 0.1, 15, 450.0)","(600.0, 1.0, 0.01, 12, 200.0)","(750.0, 3.0, 0.0001, 5, 15.0)"
642,"(900.0, 5.0, 1.0, 15, 500.0)","(850.0, 0.5, 1e-05, 1, 0.5)","(800.0, 4.5, 0.0001, 12, 450.0)","(750.0, 1.0, 0.001, 7, 200.0)","(700.0, 2.5, 0.01, 5, 30.0)"
643,"(900.0, 5.0, 0.1, 1, 0.5)","(800.0, 4.0, 0.001, 5, 10.0)","(750.0, 3.0, 0.0001, 10, 50.0)","(700.0, 2.5, 1e-05, 15, 100.0)","(650.0, 1.5, 1e-05, 12, 200.0)"
644,"(700.0, 5.0, 1e-05, 1, 500.0)","(850.0, 0.5, 0.0001, 15, 200.0)","(600.0, 4.5, 0.1, 7, 30.0)","(750.0, 1.2, 0.01, 5, 15.0)","(750.0, 3.5, 0.001, 12, 450.0)"
645,"(500.0, 0.5, 1.0, 1, 0.5)","(550.0, 1.0, 1e-05, 2, 50.0)","(600.0, 2.0, 0.0001, 3, 100.0)","(650.0, 3.0, 0.001, 4, 200.0)","(700.0, 4.0, 0.01, 5, 400.0)"
646,"(500.0, 0.5, 1e-05, 15, 500.0)","(550.0, 1.0, 0.0001, 14, 400.0)","(600.0, 1.5, 0.001, 13, 300.0)","(650.0, 2.0, 0.01, 12, 200.0)","(700.0, 2.5, 0.1, 11, 100.0)"
647,"(500.0, 5.0, 1e-05, 15, 0.5)","(550.0, 4.5, 0.0001, 14, 1.0)","(600.0, 4.0, 0.001, 13, 5.0)","(650.0, 3.5, 0.01, 12, 50.0)","(700.0, 3.0, 0.1, 11, 100.0)"
648,"(500.0, 0.5, 0.1, 1, 5.0)","(550.0, 1.0, 0.0001, 5, 10.0)","(600.0, 1.5, 0.01, 10, 20.0)","(650.0, 2.0, 0.001, 12, 40.0)","(700.0, 2.5, 1e-05, 15, 50.0)"
649,"(500.0, 5.0, 1e-05, 15, 500.0)","(500.0, 4.5, 0.0001, 12, 450.0)","(600.0, 4.0, 0.1, 7, 30.0)","(700.0, 3.5, 0.01, 12, 200.0)","(750.0, 2.5, 0.001, 5, 150.0)"
650,"(500.0, 0.5, 1e-05, 1, 0.5)","(600.0, 1.0, 0.001, 2, 10.0)","(700.0, 2.0, 0.1, 5, 50.0)","(750.0, 3.0, 0.01, 10, 100.0)","(850.0, 4.0, 0.0001, 15, 500.0)"
651,"(500.0, 5.0, 1e-05, 15, 500.0)","(550.0, 4.5, 0.0001, 14, 400.0)","(600.0, 4.0, 0.001, 10, 300.0)","(700.0, 3.5, 0.01, 8, 200.0)","(800.0, 3.0, 0.1, 5, 100.0)"
652,"(500.0, 5.0, 1.0, 15, 500.0)","(600.0, 0.5, 0.0001, 1, 0.5)","(850.0, 4.0, 0.1, 15, 500.0)","(700.0, 1.2, 0.01, 7, 300.0)","(750.0, 3.5, 0.0001, 5, 250.0)"
653,"(500.0, 0.5, 1.0, 1, 0.5)","(600.0, 1.0, 1e-05, 5, 5.0)","(700.0, 2.0, 0.0001, 10, 50.0)","(800.0, 3.0, 0.001, 15, 200.0)","(900.0, 4.0, 0.01, 15, 450.0)"
655,"(500.0, 0.5, 1e-05, 1, 0.5)","(600.0, 1.5, 0.0001, 3, 100.0)","(700.0, 3.0, 0.001, 7, 200.0)","(800.0, 4.5, 0.01, 12, 300.0)","(900.0, 5.0, 0.1, 15, 500.0)"
657,"(900.0, 0.5, 1e-05, 1, 0.5)","(800.0, 5.0, 1.0, 15, 500.0)","(700.0, 4.5, 0.1, 12, 100.0)","(600.0, 3.0, 0.01, 7, 200.0)","(500.0, 4.0, 0.001, 10, 400.0)"
658,"(500.0, 0.5, 1e-05, 15, 0.5)","(600.0, 1.0, 0.0001, 14, 10.0)","(700.0, 2.0, 0.001, 13, 50.0)","(800.0, 3.0, 0.01, 12, 100.0)","(850.0, 4.0, 0.1, 11, 200.0)"
659,"(900.0, 5.0, 1.0, 15, 0.5)","(800.0, 4.5, 0.1, 10, 20.0)","(700.0, 3.0, 0.001, 7, 50.0)","(750.0, 2.5, 0.0001, 5, 100.0)","(720.0, 1.5, 1e-05, 3, 300.0)"
660,"(500.0, 5.0, 1e-05, 1, 5.0)","(600.0, 4.5, 0.0001, 3, 10.0)","(700.0, 3.5, 0.001, 5, 50.0)","(750.0, 2.5, 0.01, 8, 100.0)","(800.0, 1.5, 0.1, 12, 200.0)"
661,"(900.0, 0.5, 1e-05, 15, 5.0)","(800.0, 1.0, 0.0001, 12, 30.0)","(750.0, 2.0, 0.001, 7, 50.0)","(700.0, 3.0, 0.01, 5, 200.0)","(600.0, 4.5, 0.1, 1, 450.0)"
663,"(500.0, 5.0, 1.0, 15, 500.0)","(600.0, 0.5, 1e-05, 1, 0.5)","(850.0, 1.0, 0.01, 7, 15.0)","(700.0, 4.0, 0.1, 12, 30.0)","(750.0, 3.5, 0.0001, 5, 450.0)"
664,"(500.0, 4.5, 1.0, 1, 5.0)","(550.0, 0.5, 1e-05, 15, 450.0)","(650.0, 2.0, 0.01, 7, 200.0)","(750.0, 3.0, 0.001, 12, 30.0)","(800.0, 4.0, 0.0001, 5, 15.0)"
666,"(500.0, 0.5, 1e-05, 1, 450.0)","(550.0, 1.0, 0.0001, 2, 200.0)","(600.0, 2.0, 0.001, 3, 50.0)","(650.0, 3.0, 0.01, 4, 30.0)","(700.0, 4.0, 0.1, 5, 20.0)"
667,"(500.0, 0.5, 1e-05, 15, 0.5)","(850.0, 4.5, 1e-05, 15, 500.0)","(600.0, 5.0, 1.0, 1, 100.0)","(700.0, 3.5, 0.001, 12, 200.0)","(750.0, 4.0, 0.01, 7, 250.0)"
670,"(500.0, 0.5, 1e-05, 1, 0.5)","(600.0, 1.0, 0.0001, 3, 10.0)","(700.0, 2.0, 0.001, 5, 50.0)","(800.0, 3.0, 0.01, 10, 150.0)","(900.0, 4.5, 0.1, 15, 450.0)"
672,"(500.0, 0.5, 1e-05, 15, 0.5)","(550.0, 1.0, 0.0001, 10, 10.0)","(600.0, 2.0, 0.001, 7, 50.0)","(650.0, 3.0, 0.01, 5, 200.0)","(700.0, 4.0, 0.1, 3, 450.0)"
673,"(500.0, 0.5, 1e-05, 1, 0.5)","(600.0, 1.0, 0.0001, 3, 5.0)","(700.0, 2.0, 0.001, 7, 50.0)","(800.0, 3.0, 0.01, 11, 100.0)","(900.0, 4.5, 0.1, 15, 500.0)"
674,"(800.0, 0.5, 1e-05, 15, 0.5)","(750.0, 1.0, 0.0001, 14, 100.0)","(700.0, 2.0, 0.001, 13, 200.0)","(650.0, 3.0, 0.01, 12, 300.0)","(600.0, 4.0, 0.1, 11, 400.0)"
675,"(500.0, 0.5, 1.0, 15, 0.5)","(550.0, 0.6, 1.0, 14, 1.0)","(600.0, 0.7, 1.0, 13, 1.5)","(650.0, 0.8, 1.0, 12, 2.0)","(700.0, 0.9, 1.0, 11, 2.5)"
676,"(500.0, 0.5, 1e-05, 15, 0.5)","(600.0, 1.0, 0.0001, 12, 10.0)","(700.0, 2.5, 0.001, 5, 50.0)","(750.0, 3.0, 0.01, 10, 200.0)","(800.0, 4.5, 0.1, 7, 400.0)"
678,"(500.0, 0.5, 1.0, 15, 0.5)","(600.0, 5.0, 1e-05, 1, 500.0)","(700.0, 0.6, 0.0001, 12, 5.0)","(800.0, 4.9, 0.01, 13, 50.0)","(900.0, 4.5, 0.1, 14, 450.0)"
679,"(500.0, 0.5, 1e-05, 1, 0.5)","(600.0, 0.6, 0.0001, 2, 1.0)","(700.0, 0.7, 0.001, 3, 2.0)","(800.0, 0.8, 0.01, 4, 3.0)","(850.0, 0.9, 0.1, 5, 4.0)"
680,"(500.0, 0.5, 1e-05, 1, 0.5)","(550.0, 1.0, 0.0001, 3, 20.0)","(600.0, 2.0, 0.001, 5, 50.0)","(700.0, 3.0, 0.01, 10, 200.0)","(800.0, 4.0, 0.1, 15, 450.0)"
681,"(900.0, 0.5, 1.0, 15, 500.0)","(850.0, 5.0, 1e-05, 1, 0.5)","(800.0, 4.5, 0.0001, 15, 450.0)","(750.0, 4.0, 0.001, 14, 300.0)","(700.0, 3.5, 0.01, 13, 150.0)"
684,"(500.0, 5.0, 1e-05, 15, 500.0)","(550.0, 4.5, 0.0001, 12, 450.0)","(600.0, 4.0, 0.001, 10, 400.0)","(650.0, 3.5, 0.01, 8, 350.0)","(700.0, 3.0, 0.1, 5, 300.0)"
686,"(500.0, 0.5, 1e-05, 1, 0.5)","(550.0, 1.5, 5e-05, 5, 50.0)","(700.0, 3.5, 0.005, 12, 100.0)","(750.0, 4.0, 0.05, 15, 200.0)","(850.0, 4.5, 0.5, 15, 300.0)"
687,"(500.0, 0.5, 1e-05, 15, 500.0)","(600.0, 1.2, 0.0001, 12, 400.0)","(700.0, 3.5, 0.01, 7, 200.0)","(750.0, 4.0, 0.1, 5, 50.0)","(850.0, 4.5, 1.0, 1, 5.0)"
688,"(500.0, 0.5, 1e-05, 1, 0.5)","(600.0, 0.6, 0.0001, 2, 0.51)","(700.0, 0.7, 0.001, 3, 0.52)","(800.0, 0.8, 0.01, 4, 0.53)","(900.0, 5.0, 0.1, 15, 500.0)"
691,"(500.0, 5.0, 1.0, 15, 500.0)","(900.0, 0.5, 1e-05, 1, 0.5)","(700.0, 4.5, 0.0001, 14, 450.0)","(750.0, 1.2, 0.001, 13, 200.0)","(800.0, 2.5, 0.01, 10, 50.0)"
692,"(500.0, 4.5, 1.0, 1, 5.0)","(600.0, 4.0, 0.1, 5, 10.0)","(700.0, 3.5, 0.01, 12, 20.0)","(800.0, 2.0, 0.0001, 15, 50.0)","(900.0, 0.5, 1e-05, 10, 100.0)"
693,"(900.0, 5.0, 1.0, 15, 500.0)","(800.0, 4.5, 0.1, 15, 500.0)","(750.0, 2.0, 0.01, 12, 100.0)","(700.0, 1.5, 0.001, 10, 50.0)","(600.0, 0.5, 0.0001, 5, 5.0)"
697,"(850.0, 1.0, 1e-05, 15, 500.0)","(800.0, 2.0, 0.0001, 14, 400.0)","(750.0, 3.0, 0.001, 13, 300.0)","(700.0, 4.0, 0.01, 12, 200.0)","(650.0, 5.0, 0.1, 11, 100.0)"
698,"(500.0, 0.5, 1.0, 1, 0.5)","(550.0, 0.6, 1.0, 2, 50.0)","(600.0, 0.7, 0.1, 3, 100.0)","(650.0, 1.0, 0.01, 4, 200.0)","(700.0, 1.5, 0.001, 5, 300.0)"
699,"(890.0, 0.5, 1e-05, 15, 500.0)","(500.0, 0.5, 0.0001, 1, 0.5)","(750.0, 1.5, 0.01, 3, 50.0)","(700.0, 3.0, 0.001, 10, 100.0)","(650.0, 4.0, 0.1, 7, 200.0)"
701,"(900.0, 0.5, 1.0, 15, 0.5)","(900.0, 5.0, 1e-05, 12, 500.0)","(800.0, 1.0, 0.0001, 10, 300.0)","(750.0, 2.5, 0.001, 8, 150.0)","(700.0, 3.5, 0.01, 5, 75.0)"
702,"(850.0, 0.5, 1e-05, 1, 0.5)","(800.0, 1.0, 0.0001, 15, 10.0)","(750.0, 2.5, 0.001, 5, 50.0)","(700.0, 4.0, 0.01, 7, 200.0)","(650.0, 3.0, 0.1, 12, 450.0)"
705,"(500.0, 5.0, 1e-05, 15, 0.5)","(550.0, 4.5, 0.0001, 14, 50.0)","(600.0, 4.0, 0.001, 13, 100.0)","(650.0, 3.5, 0.01, 12, 150.0)","(700.0, 3.0, 0.1, 11, 200.0)"
708,"(500.0, 5.0, 1e-05, 15, 500.0)","(500.0, 4.5, 1e-05, 15, 500.0)","(600.0, 4.0, 0.0001, 14, 450.0)","(650.0, 3.5, 0.001, 13, 400.0)","(700.0, 3.0, 0.01, 12, 350.0)"
709,"(500.0, 0.5, 1e-05, 15, 0.5)","(600.0, 4.5, 1.0, 1, 500.0)","(850.0, 0.5, 0.1, 15, 450.0)","(700.0, 3.5, 0.0001, 12, 30.0)","(750.0, 1.2, 0.01, 5, 15.0)"
711,"(500.0, 0.5, 1e-05, 15, 5.0)","(600.0, 4.5, 0.0001, 15, 50.0)","(700.0, 1.2, 0.01, 12, 200.0)","(750.0, 3.5, 0.5, 10, 100.0)","(800.0, 4.0, 0.1, 5, 200.0)"
712,"(899.0, 0.5, 1.0, 1, 0.5)","(800.0, 1.0, 0.1, 5, 5.0)","(750.0, 2.0, 0.01, 10, 50.0)","(700.0, 4.0, 0.001, 12, 200.0)","(500.0, 5.0, 1e-05, 15, 450.0)"
